Level,Difficulty,Operator,Operand1,Operand2,Operand3,Result,UniqueLetters,Solution
1,Easy,+,8,7,,1V,1,"V=5"
2,Easy,+,4,W,,13,1,"W=9"
3,Easy,+,Z,4,,5,1,"Z=1"
4,Easy,+,8,8,,1Z,1,"Z=6"
5,Easy,+,3,N,,4,1,"N=1"
6,Easy,+,9,K,,12,1,"K=3"
7,Easy,+,5,5,,1S,1,"S=0"
8,Easy,+,R,8,,9,1,"R=1"
9,Easy,+,6,4,,C0,1,"C=1"
10,Easy,+,6,7,,G3,1,"G=1"
11,Easy,+,39,P3,,52,1,"P=1"
12,Easy,+,Q9,41,,70,1,"Q=2"
13,Easy,+,46,33,,7D,1,"D=9"
14,Easy,+,22,12,,3T,1,"T=4"
15,Easy,+,22,46,,6T,1,"T=8"
16,Easy,+,10,31,,Z1,1,"Z=4"
17,Easy,+,3H,38,,74,1,"H=6"
18,Easy,+,42,10,,U2,1,"U=5"
19,Easy,+,D5,28,,43,1,"D=1"
20,Easy,+,46,34,,8K,1,"K=0"
21,Easy,+,42,39,,8N,1,"N=1"
22,Easy,+,42,2L,,63,1,"L=1"
23,Easy,+,F8,F0,,68,1,"F=3"
24,Easy,+,48,2N,,68,1,"N=0"
25,Easy,+,45,48,,9Z,1,"Z=3"
26,Easy,+,PP,WW,,PP0,2,"W=9, P=1"
27,Easy,+,HH,19,,D1,2,"D=4, H=2"
28,Easy,+,IQ,I8,,111,2,"I=5, Q=3"
29,Easy,+,YU,57,,69,2,"Y=1, U=2"
30,Easy,+,FN,88,,181,2,"F=9, N=3"
31,Easy,+,Z2,2J,,J7,2,"Z=3, J=5"
32,Easy,+,73,HJ,,157,2,"H=8, J=4"
33,Easy,+,RR,5R,,L46,2,"L=1, R=8"
34,Easy,+,N5,7N,,11M,2,"N=4, M=9"
35,Easy,+,M1,1N,,N4,2,"M=2, N=3"
36,Easy,+,49,P7,,7H,2,"P=2, H=6"
37,Easy,+,F1,6P,,91,2,"F=3, P=0"
38,Easy,+,81,G8,,10F,2,"F=9, G=2"
39,Easy,+,E5,7T,,87,2,"T=2, E=1"
40,Easy,+,36,DV,,76,2,"D=4, V=0"
41,Easy,+,32,W6,,12R,2,"R=8, W=9"
42,Easy,+,B1,3D,,79,2,"B=4, D=8"
43,Easy,+,G1,3I,,77,2,"G=4, I=6"
44,Easy,+,9D,DT,,LLD,3,"T=0, L=1, D=2"
45,Easy,+,92,LF,,1F7,2,"F=5, L=6"
46,Easy,+,75,P4,,F59,2,"F=1, P=8"
47,Easy,+,33,LB,,105,2,"L=7, B=2"
48,Easy,+,4S,NS,,QQN,3,"Q=1, S=8, N=6"
49,Easy,+,JJ,9C,,JCJ,2,"C=0, J=1"
50,Easy,+,4E,MM,,QQ4,3,"Q=1, E=8, M=6"
51,Easy,+,BB,X1,,76,2,"X=2, B=5"
52,Easy,+,CC,CC,,IG2,3,"G=3, C=6, I=1"
53,Easy,+,58,8A,,CAV,3,"A=4, C=1, V=2"
54,Easy,+,79,EE,,1H3,2,"E=4, H=2"
55,Easy,+,DC,K7,,C3K,3,"K=8, C=1, D=5"
56,Easy,+,68,86,,LA4,2,"A=5, L=1"
57,Easy,+,TT,2S,,67,2,"T=4, S=3"
58,Easy,+,5H,5H,,HJ2,2,"H=1, J=0"
59,Easy,+,R5,5T,,91,2,"T=6, R=3"
60,Easy,+,52,78,,1TK,2,"K=0, T=3"
61,Easy,+,GG,H3,,J37,3,"J=1, G=4, H=9"
62,Easy,+,W2,4V,,Q2Q,3,"Q=1, V=9, W=7"
63,Easy,+,84,4T,,DF4,3,"D=1, T=0, F=2"
64,Easy,+,BL,R6,,BL6,3,"B=1, R=9, L=0"
65,Easy,+,KQ,68,,III,3,"Q=3, I=1, K=4"
66,Easy,+,6Q,OK,,K00,3,"Q=9, O=3, K=1"
67,Easy,+,M5,11,,1QC,3,"M=9, Q=0, C=6"
68,Easy,+,HY,HH,,G73,3,"H=8, Y=5, G=1"
69,Easy,+,7W,F2,,C22,3,"W=0, C=1, F=5"
70,Easy,+,4K,KK,,CCI,3,"I=2, C=1, K=6"
71,Easy,+,BH,R2,,HHR,3,"B=8, H=1, R=3"
72,Easy,+,5D,D7,,C2J,3,"J=3, D=6, C=1"
73,Easy,+,7I,25,,AO4,3,"I=9, O=0, A=1"
74,Easy,+,YB,BB,,VYY,3,"B=9, V=1, Y=8"
75,Easy,+,ZZ,59,,XW5,3,"Z=6, W=2, X=1"
76,Easy,+,L8,82,,O2S,3,"O=1, L=3, S=0"
77,Easy,+,6T,B8,,RR7,3,"B=4, T=9, R=1"
78,Easy,+,82,SP,,M2M,3,"P=9, S=3, M=1"
79,Easy,+,AI,I9,,E55,3,"E=1, I=6, A=8"
80,Easy,+,CD,53,,F22,3,"F=1, D=9, C=6"
81,Easy,+,N7J,N88,,7T2,3,"N=3, J=4, T=6"
82,Easy,+,91Q,3I3,,1M88,3,"Q=5, I=7, M=2"
83,Easy,+,98F,FL,,NP4N,4,"P=0, N=1, F=5, L=6"
84,Easy,+,60R,RE4,,M44N,4,"N=2, M=1, R=8, E=3"
85,Easy,+,543,PCP,,131K,3,"P=7, K=0, C=6"
86,Easy,+,4N1,NSS,,S1T,3,"S=8, T=9, N=3"
87,Easy,+,AN7,M38,,ATMN,4,"T=0, A=1, M=9, N=5"
88,Easy,+,785,MG6,,II8I,3,"I=1, G=9, M=3"
89,Easy,+,6D6,9KH,,K5K9,3,"H=3, D=0, K=1"
90,Easy,+,N9L,NLN,,LJP9,4,"J=7, L=1, P=0, N=8"
91,Easy,+,BBW,Y7W,,X4B,4,"W=8, X=9, Y=2, B=6"
92,Easy,+,111,I1K,,KO8,3,"O=2, I=6, K=7"
93,Easy,+,O8E,IOO,,855,3,"E=9, I=1, O=6"
94,Easy,+,3K5,KK,,SM3,3,"S=4, M=7, K=8"
95,Easy,+,9V9,U5V,,J7UJ,3,"V=2, U=8, J=1"
96,Easy,+,MMS,NSS,,AMA8,4,"N=9, M=7, S=4, A=1"
97,Easy,+,3DC,B81,,C88,3,"B=4, C=7, D=0"
98,Easy,+,4P5,H3J,,J5P,3,"H=2, J=6, P=1"
99,Easy,+,FB3,4L2,,B3FD,4,"F=9, B=1, L=8, D=5"
100,Easy,+,H35,36G,,BGH7,3,"B=1, G=2, H=9"
101,Easy,+,E2A,6EE,,IIAF,4,"I=1, F=3, A=8, E=5"
102,Easy,+,8U8,5DD,,BUU8,3,"U=3, D=0, B=1"
103,Easy,+,NL8,8SO,,SS45,4,"O=7, S=1, N=3, L=2"
104,Easy,+,3F2,328,,FLR,3,"L=9, R=0, F=6"
105,Easy,+,888,5ZC,,AX50,4,"Z=6, A=1, C=2, X=4"
106,Easy,+,AYY,VAV,,AAZB,5,"Z=0, A=1, B=7, Y=8, V=9"
107,Easy,+,IOO,KIM,,IGMK,5,"G=0, I=1, O=4, M=5, K=9"
108,Easy,+,FGG,FIE,,IIHH,5,"H=0, I=1, E=2, F=5, G=8"
109,Easy,+,DHR,DDR,,HJRD,4,"H=1, J=2, D=6, R=8"
110,Easy,+,MEW,EEW,,WWXM,4,"W=1, M=2, X=6, E=8"
111,Easy,+,QEM,EEM,,EIMK,5,"I=0, E=1, M=2, K=4, Q=9"
112,Easy,+,SQR,SRR,,TQQS,4,"T=1, Q=7, S=8, R=9"
113,Easy,+,QEE,SGQ,,QOQG,5,"O=0, Q=1, E=5, G=6, S=8"
114,Easy,+,OSE,ENE,,OINN,5,"I=0, O=1, N=6, E=8, S=9"
115,Easy,+,QQE,JQQ,,UQUU,4,"U=1, Q=5, E=6, J=9"
116,Easy,+,XDW,DXW,,WDYY,4,"W=1, Y=2, D=3, X=9"
117,Easy,+,MTL,LTL,,ITIM,4,"I=1, T=5, M=6, L=8"
118,Easy,+,PRN,MNP,,RROR,5,"O=0, R=1, P=3, M=7, N=8"
119,Easy,+,ESS,ASA,,NANN,4,"N=1, S=5, A=6, E=9"
120,Easy,+,OGS,IIO,,OASI,5,"A=0, O=1, S=7, I=8, G=9"
121,Easy,+,BBB,JHB,,TPPH,5,"T=1, P=2, B=4, J=7, H=8"
122,Easy,+,KNR,ROO,,SNNS,5,"N=0, S=1, R=2, K=7, O=9"
123,Easy,+,CDH,DHC,,DDPB,5,"P=0, D=1, B=7, H=8, C=9"
124,Easy,+,MUX,UUZ,,ZXMM,4,"Z=1, X=5, M=6, U=8"
125,Easy,+,HDK,KDD,,HWYH,5,"W=0, H=1, D=2, Y=5, K=9"
126,Easy,+,RNN,PNP,,RFRJ,5,"F=0, R=1, J=3, N=5, P=8"
127,Easy,+,RSI,IEE,,RSSL,5,"S=0, R=1, L=7, I=8, E=9"
128,Easy,+,RRS,PRR,,TNTP,5,"N=0, T=1, P=4, R=5, S=9"
129,Easy,+,CAF,DAA,,FDDC,4,"F=1, D=6, A=8, C=9"
130,Easy,+,NMI,INM,,OIO,4,"I=1, N=5, M=6, O=7"
131,Easy,-,42,22,,2N,1,"N=0"
132,Easy,-,7U,U7,,Z5,2,"U=2, Z=4"
133,Easy,-,2H,L2,,L4,2,"L=1, H=6"
134,Easy,-,67,50,,E7,1,"E=1"
135,Easy,-,44,1V,,2V,1,"V=7"
136,Easy,-,2R,22,,7,1,"R=9"
137,Easy,-,34,ES,,6,2,"E=2, S=8"
138,Easy,-,64,34,,3V,1,"V=0"
139,Easy,-,9I,L6,,L5,2,"L=4, I=1"
140,Easy,-,CZ,43,,4C,2,"Z=2, C=9"
141,Easy,-,1U,3,,16,1,"U=9"
142,Easy,-,63,V6,,37,1,"V=2"
143,Easy,-,5D,16,,42,1,"D=8"
144,Easy,-,54,2T,,26,1,"T=8"
145,Easy,-,49,2S,,23,1,"S=6"
146,Easy,-,K33,77,,5B,2,"B=6, K=1"
147,Easy,-,9K,KK,,3Q,2,"K=6, Q=0"
148,Easy,-,JDD,7D,,5P,3,"J=1, D=2, P=0"
149,Easy,-,1T6,92,,9S,2,"T=8, S=4"
150,Easy,-,E2E,Z2,,3Q,3,"Q=9, E=1, Z=8"
151,Easy,-,1WC,U3,,13,3,"C=6, U=9, W=0"
152,Easy,-,1C8,16,,A2,2,"A=9, C=0"
153,Easy,-,AF,4A,,21,2,"A=6, F=7"
154,Easy,-,1A5,G9,,GG,2,"G=6, A=3"
155,Easy,-,FFF,JH,,H8,3,"J=7, F=1, H=3"
156,Easy,-,103,MM,,N8,2,"N=4, M=5"
157,Easy,-,HNH,96,,NN,2,"N=5, H=1"
158,Easy,-,S74,8N,,9S,2,"N=3, S=1"
159,Easy,-,50,WU,,W3,2,"W=2, U=7"
160,Easy,-,E6B,C8,,BE,3,"B=9, C=7, E=1"
161,Easy,-,T2D,F2,,28,3,"F=9, D=0, T=1"
162,Easy,-,BUB,6U,,AB,3,"B=1, A=4, U=0"
163,Easy,-,NAN,AA,,E6,3,"E=9, N=1, A=5"
164,Easy,-,BC4,85,,3G,3,"C=2, B=1, G=9"
165,Easy,-,OOO,CQ,,C9,3,"C=5, O=1, Q=2"
166,Easy,-,EAI,88,,66,3,"E=1, A=5, I=4"
167,Easy,-,M3C,EM,,CE,3,"E=6, M=1, C=7"
168,Easy,-,MV3,55,,JJ,3,"J=8, V=4, M=1"
169,Easy,-,CK2,88,,8A,3,"K=7, C=1, A=4"
170,Easy,-,SS7,EE,,O5,3,"S=1, E=2, O=9"
171,Easy,-,LLJ,JT,,4L,3,"L=1, J=7, T=6"
172,Easy,-,FGG,DG,,7G,3,"D=3, F=1, G=0"
173,Easy,-,MSM,QS,,QM,3,"S=0, M=1, Q=5"
174,Easy,-,UVJ,V3,,MV,4,"M=9, V=7, U=1, J=0"
175,Easy,-,BBB,R9,,PR,3,"R=2, B=1, P=8"
176,Easy,-,B4F,46,,DD,3,"D=9, B=1, F=5"
177,Easy,-,RRS,M5,,R7,3,"R=1, M=9, S=2"
178,Easy,-,BBY,7B,,YX,3,"B=1, X=3, Y=4"
179,Easy,-,MMT,R3,,TM,3,"M=1, T=4, R=7"
180,Easy,-,AW,7C,,W7,3,"A=9, W=1, C=4"
181,Easy,-,AIAC,CGA,,GCI,4,"A=1, I=2, C=3, G=8"
182,Easy,-,OOSK,NOM,,NMM,5,"S=0, O=1, N=5, K=6, M=8"
183,Easy,-,BCP,CPB,,PB,3,"C=2, B=3, P=6"
184,Easy,-,GAGC,EEG,,CG,4,"A=0, G=1, C=2, E=9"
185,Easy,-,RKRN,RMK,,MNN,4,"K=0, R=1, N=3, M=8"
186,Easy,-,HHFP,FYY,,FFF,4,"H=1, P=4, F=5, Y=9"
187,Easy,-,WBWB,AZC,,ZZW,5,"B=0, W=1, A=4, Z=5, C=9"
188,Easy,-,ZAVA,BAA,,BAV,4,"V=0, Z=1, A=5, B=7"
189,Easy,-,NOOP,PLP,,NLO,4,"O=0, N=1, L=5, P=8"
190,Easy,-,AAMO,OAQ,,QOA,4,"A=1, Q=5, O=6, M=7"
191,Easy,-,RREQ,UQU,,QRE,4,"R=1, Q=3, E=5, U=8"
192,Easy,-,FFFH,HHF,,ADD,4,"F=1, A=4, D=5, H=6"
193,Easy,-,KKKK,CYC,,KYH,4,"K=1, H=2, Y=5, C=9"
194,Easy,-,ACHH,BBA,,GBC,5,"A=1, C=3, H=4, G=5, B=7"
195,Easy,-,NRTR,MQT,,NNT,5,"R=0, N=1, Q=3, T=5, M=9"
196,Easy,-,GFF,GG,,FGA,3,"F=7, G=8, A=9"
197,Easy,-,UWWZ,ZMW,,MMU,4,"U=1, W=6, Z=7, M=8"
198,Easy,-,EAOA,AEE,,RRE,4,"O=0, E=1, A=2, R=9"
199,Easy,-,QCEQ,QCA,,ESE,5,"C=0, Q=1, A=2, S=8, E=9"
200,Easy,-,CCVW,WCC,,BWC,4,"C=1, W=2, V=3, B=9"
201,Easy,+,RTS,KRK,,SKSR,4,"S=1, T=2, K=8, R=9"
202,Easy,+,EON,RNN,,EOOR,4,"O=0, E=1, R=8, N=9"
203,Easy,+,CBG,BKB,,BHGC,5,"H=0, B=1, K=7, G=8, C=9"
204,Easy,+,QRM,PQQ,,QTPR,5,"T=0, Q=1, M=7, R=8, P=9"
205,Easy,+,AOE,AGO,,CCAG,5,"C=1, E=3, A=5, O=6, G=9"
206,Easy,+,GCG,HDD,,DCGH,4,"D=1, C=7, G=8, H=9"
207,Easy,+,CYW,CBC,,YYWC,4,"W=0, Y=1, C=5, B=9"
208,Easy,+,ILL,MSS,,INLI,5,"N=0, I=1, L=2, M=8, S=9"
209,Easy,+,JJF,JFF,,DJDP,4,"D=1, F=2, P=4, J=9"
210,Easy,+,MOM,TMT,,LRTO,5,"R=0, L=1, T=4, M=5, O=9"
211,Easy,+,GYP,GPF,,FYGY,4,"F=1, P=3, Y=4, G=7"
212,Easy,+,JDJ,DDJ,,LHLH,4,"L=1, H=2, D=5, J=6"
213,Easy,+,ABJ,BJA,,GJDB,5,"G=1, J=2, A=5, B=7, D=9"
214,Easy,+,QSC,OMM,,QSOS,5,"S=0, Q=1, C=2, M=8, O=9"
215,Easy,+,EEE,GEG,,EDCD,4,"D=0, E=1, C=3, G=9"
216,Easy,+,DDW,KGD,,GDYY,5,"Y=0, G=1, W=2, D=8, K=9"
217,Easy,+,YGB,GBB,,FFGG,4,"F=1, Y=2, G=8, B=9"
218,Easy,+,ENA,EAS,,LNLL,5,"L=1, N=3, S=4, E=6, A=7"
219,Easy,+,GDD,HDY,,WWGG,5,"W=1, H=3, G=7, D=8, Y=9"
220,Easy,+,EFE,CFG,,GGCC,4,"G=1, F=3, E=5, C=6"
221,Easy,+,HDH,CDD,,CCCF,4,"C=1, F=4, D=5, H=9"
222,Easy,+,AAA,AHD,,GDDC,5,"G=1, D=3, A=6, H=7, C=9"
223,Easy,+,KSK,QOK,,OSRQ,5,"O=1, S=2, R=3, K=4, Q=8"
224,Easy,+,UWU,UWX,,XJXW,4,"W=0, X=1, J=8, U=9"
225,Easy,+,NSN,INI,,NNRR,4,"R=0, N=1, S=8, I=9"
226,Easy,-,KKKQ,QKT,,QRR,4,"K=1, Q=5, T=6, R=9"
227,Easy,-,BYGF,FWG,,GYG,5,"B=1, W=3, Y=4, F=6, G=8"
228,Easy,-,GGJH,GBG,,FHG,5,"J=0, G=1, H=2, B=8, F=9"
229,Easy,-,DDP,RLR,,LLR,4,"P=0, L=4, R=5, D=9"
230,Easy,-,PPNN,JTP,,PPJ,4,"N=0, P=1, T=8, J=9"
231,Easy,-,DDCF,FYY,,YDY,4,"D=1, F=4, Y=7, C=9"
232,Easy,-,BPLB,HHN,,BHH,5,"P=0, B=1, N=3, L=7, H=8"
233,Easy,-,AMA,IIN,,MIM,4,"M=2, I=6, N=7, A=9"
234,Easy,-,LQLL,QNQ,,PNN,4,"L=1, N=5, Q=6, P=9"
235,Easy,-,BBVU,AUB,,UUB,4,"B=1, U=2, V=4, A=9"
236,Easy,-,NKON,OKM,,ONN,4,"M=0, N=1, K=8, O=9"
237,Easy,-,YKFH,DHD,,HKF,5,"Y=1, K=2, H=5, D=7, F=8"
238,Easy,-,VVAA,BVZ,,VZW,5,"A=0, V=1, W=2, Z=8, B=9"
239,Easy,-,AHCD,JHJ,,DHJ,5,"A=1, H=4, D=6, J=8, C=9"
240,Easy,-,IGG,GCM,,MIM,4,"M=1, G=2, I=4, C=8"
241,Easy,-,SSOM,NMS,,MMS,4,"S=1, M=2, O=4, N=9"
242,Easy,-,BCBC,JHJ,,CHH,4,"B=1, C=4, H=5, J=9"
243,Easy,-,KWBK,BWB,,BKF,4,"K=1, F=3, W=6, B=8"
244,Easy,-,ZCUZ,AVV,,CCA,5,"U=0, Z=1, V=2, C=7, A=9"
245,Easy,-,BBFC,HBH,,CHH,4,"B=1, C=4, H=7, F=9"
246,Easy,-,AAEE,EGB,,GAE,4,"B=0, A=1, G=5, E=6"
247,Easy,-,DBWF,PFP,,FBW,5,"D=1, B=2, F=5, P=7, W=8"
248,Easy,-,DFDB,ABA,,DBG,5,"F=0, D=1, B=5, G=7, A=8"
249,Easy,-,CKCF,DCD,,CGG,5,"K=0, C=1, F=7, D=8, G=9"
250,Easy,-,WZWU,QZQ,,WZQ,4,"Z=0, W=1, U=8, Q=9"
251,Medium,+,FTH,FFF,,PPLT,5,"L=0, P=1, T=4, F=5, H=9"
252,Medium,+,NLT,TRR,,TFTL,5,"F=0, T=1, R=5, L=6, N=8"
253,Medium,+,TNQ,TQM,,KMKT,5,"K=1, Q=2, M=5, T=7, N=9"
254,Medium,+,VMM,MJJ,,UZVU,5,"Z=0, U=1, V=2, J=4, M=7"
255,Medium,+,HRR,DRD,,JBDB,5,"J=1, B=2, D=5, H=6, R=7"
256,Medium,+,NNF,BFB,,NJBH,5,"J=0, N=1, H=6, F=7, B=9"
257,Medium,+,RRU,QXU,,RMUM,5,"M=0, R=1, X=3, U=5, Q=9"
258,Medium,+,BBK,KHH,,BPYB,5,"P=0, B=1, H=2, Y=4, K=9"
259,Medium,+,FCD,DDF,,HBFC,5,"B=0, H=1, F=4, D=5, C=9"
260,Medium,+,VWU,DDV,,DDCD,5,"C=0, D=1, U=2, W=8, V=9"
261,Medium,+,MNN,EMT,,ATEM,5,"A=1, N=2, T=4, M=6, E=8"
262,Medium,+,DIE,BDD,,IEGG,5,"G=0, I=1, E=2, B=3, D=8"
263,Medium,+,YWW,YZU,,ZZDZ,5,"D=0, Z=1, U=3, Y=5, W=8"
264,Medium,+,IIA,ALI,,LTOL,5,"O=0, L=1, T=2, A=3, I=8"
265,Medium,+,NMT,TTT,,NPTL,5,"P=0, N=1, L=6, T=8, M=9"
266,Medium,+,QMM,UXM,,MRRQ,5,"R=0, M=1, Q=2, U=7, X=9"
267,Medium,+,RRA,TRT,,ANEE,5,"A=1, N=4, T=5, E=6, R=8"
268,Medium,+,IOG,KII,,KEGE,5,"E=0, K=1, G=2, O=3, I=8"
269,Medium,+,JUM,RJJ,,JXXR,5,"X=0, J=1, M=7, R=8, U=9"
270,Medium,+,MMR,SQP,,MQPQ,5,"Q=0, M=1, P=2, R=8, S=9"
271,Medium,+,HEG,GEG,,DEIE,5,"D=1, I=3, E=6, H=7, G=8"
272,Medium,+,ECA,AAB,,EGBG,5,"G=0, E=1, B=2, C=3, A=8"
273,Medium,+,BBZ,BXD,,ZUZB,5,"Z=1, X=4, U=5, D=6, B=7"
274,Medium,+,HBW,FGF,,HBBB,5,"B=0, H=1, W=2, F=8, G=9"
275,Medium,+,GWY,GYG,,PDPD,5,"P=1, W=2, D=5, G=7, Y=8"
276,Medium,+,QUQ,MUQ,,MEVU,5,"E=0, M=1, V=3, U=6, Q=8"
277,Medium,+,EIE,IQE,,IKGG,5,"K=0, I=1, Q=6, G=8, E=9"
278,Medium,+,TLI,ELN,,EANA,6,"A=0, E=1, N=3, L=6, I=7, T=8"
279,Medium,+,BFD,FDA,,DDHH,5,"H=0, D=1, B=2, F=8, A=9"
280,Medium,+,BBN,THB,,TRBR,5,"R=0, T=1, N=2, B=8, H=9"
281,Medium,+,EFG,GFA,,FBEF,5,"B=0, F=1, E=3, A=4, G=7"
282,Medium,+,SME,SGC,,CESG,5,"C=1, M=2, E=4, G=5, S=7"
283,Medium,+,TDJ,FHJ,,FHJH,5,"H=0, F=1, D=4, J=5, T=9"
284,Medium,+,SCC,GCM,,GEES,5,"E=0, G=1, M=3, C=5, S=8"
285,Medium,+,RLM,SRS,,NLNN,5,"N=1, L=3, S=5, M=6, R=7"
286,Medium,+,RJR,RWV,,ZJZZ,5,"Z=1, J=3, V=5, R=6, W=7"
287,Medium,+,CPF,CKC,,KDYD,6,"Y=0, K=1, D=3, C=6, F=7, P=8"
288,Medium,+,WJE,VWR,,EREX,6,"E=1, R=3, X=4, W=5, J=6, V=7"
289,Medium,+,MJR,VWJ,,VWMW,5,"W=0, V=1, R=2, J=8, M=9"
290,Medium,+,EOS,AQQ,,EOOE,5,"O=0, E=1, S=2, A=8, Q=9"
291,Medium,-,HPPC,DCP,,DGG,5,"H=1, P=3, G=5, D=6, C=8"
292,Medium,-,VRWV,VQZ,,ZQW,5,"R=0, V=1, W=3, Q=6, Z=8"
293,Medium,-,CDEC,FCD,,EAF,5,"C=1, D=5, F=6, A=7, E=9"
294,Medium,-,ITMT,MIN,,INL,5,"T=0, I=1, L=3, N=7, M=9"
295,Medium,-,HGFG,DHF,,HGB,5,"G=0, H=1, F=2, B=8, D=9"
296,Medium,-,MQPN,SQM,,NNS,5,"M=1, P=4, Q=6, S=7, N=8"
297,Medium,-,DWGD,YWH,,WDW,5,"G=0, D=1, H=3, W=8, Y=9"
298,Medium,-,CKKA,OSK,,ASE,6,"C=1, K=2, O=4, E=5, S=6, A=7"
299,Medium,-,CWWA,AAX,,CBX,5,"W=0, C=1, B=2, X=4, A=8"
300,Medium,-,MOPO,MTP,,PPN,5,"O=0, M=1, N=2, P=8, T=9"
301,Medium,-,IAIF,FCD,,FDD,5,"I=1, C=2, A=3, F=6, D=8"
302,Medium,-,IEAI,CIC,,SIE,5,"I=1, A=3, E=5, C=6, S=9"
303,Medium,-,WBVW,CUV,,WBU,5,"B=0, W=1, U=5, V=6, C=9"
304,Medium,-,FKHW,FGC,,WCC,6,"K=0, F=1, H=3, C=4, W=8, G=9"
305,Medium,-,SMAI,SSA,,GSS,5,"M=0, S=1, A=2, I=3, G=9"
306,Medium,-,VWBW,DDV,,VDA,5,"W=0, V=1, B=7, D=8, A=9"
307,Medium,-,YVZZ,VYW,,VBW,5,"Z=0, Y=1, W=5, B=8, V=9"
308,Medium,-,WQRQ,WWR,,EZZ,5,"Q=0, W=1, Z=4, R=6, E=9"
309,Medium,-,TRBB,RTH,,RNN,5,"B=0, T=1, H=2, N=8, R=9"
310,Medium,-,VYDU,UUW,,DWV,5,"V=1, Y=4, D=5, W=7, U=8"
311,Medium,-,LHFD,FLL,,DLJ,5,"H=0, L=1, F=2, J=7, D=8"
312,Medium,-,QEES,QII,,SKQ,5,"E=0, Q=1, K=3, I=7, S=8"
313,Medium,-,ESSN,IMS,,IMR,6,"E=1, M=2, S=4, R=5, I=7, N=9"
314,Medium,-,IMMT,IMS,,NSN,5,"M=0, I=1, T=7, N=8, S=9"
315,Medium,-,FDFG,IAF,,FIF,5,"D=0, F=1, G=2, A=3, I=8"
316,Medium,-,RDPP,NNB,,BDD,5,"R=1, P=4, D=6, N=7, B=8"
317,Medium,-,MVVQ,MRM,,QUU,5,"V=0, M=1, R=3, U=7, Q=8"
318,Medium,-,OOAA,OOT,,MTN,5,"A=0, O=1, N=2, T=8, M=9"
319,Medium,-,ZWWC,YZZ,,ZUZ,5,"W=0, Z=1, C=2, Y=8, U=9"
320,Medium,-,EMOE,AAA,,IMI,5,"O=0, E=1, M=2, I=4, A=7"
321,Medium,-,JWWE,JJQ,,EUQ,5,"W=0, J=1, Q=4, E=8, U=9"
322,Medium,-,MAKM,MIK,,IIE,5,"A=0, M=1, E=4, K=7, I=8"
323,Medium,-,FHFH,EGF,,FED,5,"H=0, F=1, G=2, E=8, D=9"
324,Medium,-,XXCX,XXU,,WUZ,5,"C=0, X=1, Z=3, U=8, W=9"
325,Medium,-,CAVZ,ZZV,,YAY,5,"C=1, A=2, Z=5, Y=7, V=8"
326,Medium,-,UXZU,UXC,,BCB,5,"X=0, U=1, C=2, Z=3, B=9"
327,Medium,-,CCEC,GKM,,KCG,5,"E=0, C=1, G=2, K=8, M=9"
328,Medium,-,BHDC,DCB,,DJH,5,"B=1, J=2, H=4, C=5, D=7"
329,Medium,-,VWBB,UWC,,VVU,5,"W=0, V=1, B=2, C=3, U=9"
330,Medium,-,GFFF,HFH,,GKC,5,"F=0, G=1, C=2, H=8, K=9"
331,Medium,x,F,7,,56,1,"F=8"
332,Medium,x,8,D,,U0,2,"U=4, D=5"
333,Medium,x,T,3,,IT,2,"T=5, I=1"
334,Medium,x,Q,7,,M3,2,"M=6, Q=9"
335,Medium,x,7,4,,NO,2,"N=2, O=8"
336,Medium,x,8,S,,48,1,"S=6"
337,Medium,x,R,R,,16,1,"R=4"
338,Medium,x,9,W,,J2,2,"W=8, J=7"
339,Medium,x,A,A,,9,1,"A=3"
340,Medium,x,L,2,,12,1,"L=6"
341,Medium,x,M,7,,S6,2,"M=8, S=5"
342,Medium,x,8,I,,K0,2,"K=4, I=5"
343,Medium,x,8,O,,48,1,"O=6"
344,Medium,x,8,2,,D6,1,"D=1"
345,Medium,x,5,E,,10,1,"E=2"
346,Medium,x,8,7,,5E,1,"E=6"
347,Medium,x,D,6,,4J,2,"D=7, J=2"
348,Medium,x,T,8,,72,1,"T=9"
349,Medium,x,7,F,,G1,2,"F=3, G=2"
350,Medium,x,9,S,,18,1,"S=2"
351,Medium,x,X,4,,J4,2,"J=2, X=6"
352,Medium,x,A4,G,,98,2,"G=7, A=1"
353,Medium,x,C4,6,,M4,2,"M=8, C=1"
354,Medium,x,W9,M,,W52,2,"M=8, W=1"
355,Medium,x,18,B,,9A,2,"B=5, A=0"
356,Medium,x,KY,4,,4Y,2,"Y=0, K=1"
357,Medium,x,15,R,,1V0,2,"V=2, R=8"
358,Medium,x,MO,O,,O9,2,"O=3, M=1"
359,Medium,x,U,3,,X7,2,"U=9, X=2"
360,Medium,x,9,Q,,7M,2,"Q=8, M=2"
361,Medium,x,K3,C,,KK7,2,"C=9, K=1"
362,Medium,x,EK,7,,ECK,3,"K=5, E=1, C=0"
363,Medium,x,L4,6,,M4,2,"M=8, L=1"
364,Medium,x,6,5,,LK,2,"K=0, L=3"
365,Medium,x,1K,6,,7G,2,"G=8, K=3"
366,Medium,x,E4,6,,C4,2,"E=1, C=8"
367,Medium,x,G3,3,,3B,2,"B=9, G=1"
368,Medium,x,DC,8,,D5Y,3,"C=9, Y=2, D=1"
369,Medium,x,V,E,,2E,2,"E=4, V=6"
370,Medium,x,9,E,,5X,2,"X=4, E=6"
371,Medium,+,SGIM,EGSM,,GGES,5,"E=2, I=5, S=6, M=8, G=9"
372,Medium,+,XUZY,XYZV,,UYXXU,5,"U=1, V=3, Z=4, Y=8, X=9"
373,Medium,+,UEJE,EUVV,,VJVXU,5,"V=1, J=2, X=3, E=5, U=6"
374,Medium,+,KMQT,NKQT,,NRQTR,6,"R=0, N=1, Q=2, M=4, T=5, K=8"
375,Medium,+,ESQI,KKEI,,QMGKS,7,"Q=1, G=2, S=4, M=5, E=6, I=7, K=8"
376,Medium,+,GHBW,BGHW,,CCCKB,6,"C=1, W=2, B=4, H=5, G=6, K=9"
377,Medium,+,PGCG,CGBG,,GKBGK,5,"G=1, K=2, B=3, P=4, C=8"
378,Medium,+,CCGI,HBII,,IIGCG,5,"I=1, G=2, C=3, H=7, B=9"
379,Medium,+,KSAM,AKSA,,MCAME,6,"M=1, C=2, S=3, K=4, A=8, E=9"
380,Medium,+,XWXQ,WWUU,,UQJMJ,6,"U=1, Q=3, J=4, X=5, M=6, W=7"
381,Medium,+,JFRJ,FFJF,,RDTTD,5,"D=0, R=1, F=4, J=6, T=8"
382,Medium,+,NMEL,MAEL,,NLMLL,5,"L=0, N=1, E=5, M=8, A=9"
383,Medium,+,AAXB,CDXA,,ZZXBX,6,"Z=1, A=2, D=5, B=6, X=8, C=9"
384,Medium,+,GMEE,IQES,,GQSQI,6,"Q=0, G=1, M=3, S=4, E=5, I=9"
385,Medium,+,DDHB,YDHF,,BFHYY,5,"B=1, F=3, Y=4, H=7, D=8"
386,Medium,+,HFGH,AGAF,,JAJHG,5,"J=1, A=3, G=5, F=6, H=9"
387,Medium,+,JRFN,PFNR,,RNPJ,5,"J=1, P=4, N=5, R=6, F=8"
388,Medium,+,KKCP,HKFP,,FPCPD,6,"F=1, D=2, C=4, P=6, K=7, H=8"
389,Medium,+,GEBC,FDEC,,GHDGD,7,"H=0, G=1, B=2, C=3, D=6, F=8, E=9"
390,Medium,+,EJEE,IEEJ,,JGDID,5,"J=1, G=2, E=4, D=5, I=8"
391,Medium,+,BYYP,PWBG,,PKKGW,6,"K=0, P=1, G=3, W=4, Y=5, B=8"
392,Medium,+,FFFJ,DFDJ,,PNJD,5,"F=1, N=2, D=6, P=7, J=8"
393,Medium,+,HIGI,BBIC,,CHCHG,5,"C=1, I=2, G=3, H=5, B=9"
394,Medium,+,MEEM,WJWZ,,MRRXJ,7,"R=0, M=1, Z=2, J=3, X=4, E=6, W=8"
395,Medium,+,QTTT,QPKQ,,LKLK,5,"P=1, Q=2, L=4, T=6, K=8"
396,Medium,+,JXUE,EUQE,,MXQUJ,6,"Q=0, M=1, X=3, E=4, U=7, J=8"
397,Medium,+,TTLE,OIE,,MSIEO,7,"S=0, M=1, L=2, I=5, O=6, E=8, T=9"
398,Medium,+,DBYU,UUDW,,YBWZD,6,"Z=0, Y=1, B=2, U=3, W=6, D=9"
399,Medium,+,NTST,OOSN,,QTSQQ,5,"S=0, Q=1, T=4, O=6, N=7"
400,Medium,+,BGGH,HBDD,,EEEBF,6,"E=1, H=2, G=3, D=5, F=7, B=8"
401,Medium,+,WVMJ,VQJV,,VEWEW,6,"E=0, V=1, M=2, Q=7, J=8, W=9"
402,Medium,+,JBGI,CCHJ,,BHJBC,6,"B=1, G=4, H=6, C=7, I=8, J=9"
403,Medium,+,DFEA,EDAG,,HGHDE,6,"H=1, A=2, G=3, F=4, E=5, D=7"
404,Medium,+,MVVQ,JEVQ,,JEMWW,6,"E=0, J=1, Q=3, W=6, V=8, M=9"
405,Medium,+,QMSM,SCAA,,AMQIC,6,"A=1, M=2, C=3, Q=5, S=7, I=8"
406,Medium,+,NSA,ILSN,,AINL,5,"I=1, A=2, N=4, L=6, S=7"
407,Medium,+,MMPK,PRQR,,MRKKK,5,"R=0, M=1, K=2, Q=3, P=9"
408,Medium,+,QJMM,JZM,,MQMV,5,"V=2, Q=5, M=6, J=7, Z=9"
409,Medium,+,AAIA,ITTT,,EREAE,5,"R=0, E=1, I=2, T=4, A=7"
410,Medium,+,DJDF,HDTF,,LLDLR,7,"L=1, F=2, D=3, R=4, H=7, T=8, J=9"
411,Medium,+,AZWV,AUZW,,DDAUU,6,"D=1, A=5, U=6, W=7, Z=8, V=9"
412,Medium,+,UJX,MWMX,,RQXXU,7,"Q=0, R=1, X=2, J=3, U=4, W=7, M=9"
413,Medium,+,GKFP,KFPC,,YCYWF,7,"W=0, Y=1, F=2, C=5, G=6, P=7, K=8"
414,Medium,+,PPNT,BDDN,,NJJTJ,6,"J=0, N=1, P=3, B=6, D=7, T=9"
415,Medium,+,GJJD,HJDH,,BBEGG,6,"B=1, G=2, D=4, E=5, J=7, H=8"
416,Medium,+,YHYF,DPPD,,FPDFW,6,"H=0, F=1, P=2, D=3, W=4, Y=9"
417,Medium,+,OOSS,OQTR,,TOTRO,5,"T=1, Q=2, S=4, R=5, O=9"
418,Medium,+,WWBY,YHHW,,PPYYP,5,"P=1, B=2, W=3, H=5, Y=8"
419,Medium,+,OMSO,ROQP,,QOPRM,6,"Q=1, P=2, O=5, M=7, S=8, R=9"
420,Medium,+,QMKK,IKKK,,GQMI,5,"Q=3, I=4, M=5, K=7, G=8"
421,Medium,+,TWO,TWO,,FOUR,6,"T=7, W=3, O=4, F=1, U=6, R=8"
422,Medium,-,EEIN,IINI,,TRTE,5,"I=2, R=3, T=4, E=6, N=8"
423,Medium,-,RHRHN,HNNH,,HHDB,5,"R=1, N=2, B=3, D=6, H=9"
424,Medium,-,BCCD,CPDB,,KBBC,5,"K=1, C=3, B=5, P=7, D=8"
425,Medium,-,NNRFN,RDRN,,PJDF,6,"F=0, N=1, D=2, P=3, J=5, R=8"
426,Medium,-,QWJZX,RQJR,,XRRJ,6,"W=0, Q=1, X=4, Z=5, R=6, J=8"
427,Medium,-,IAIIE,OAEA,,EAGG,5,"I=1, G=3, A=5, O=6, E=8"
428,Medium,-,CYYBX,ABAU,,ZUBY,7,"B=0, C=1, X=3, U=6, Y=7, Z=8, A=9"
429,Medium,-,WWBYA,UWAY,,BYUU,5,"W=1, Y=4, U=5, B=6, A=9"
430,Medium,-,KKPPL,QOKP,,PNON,6,"L=0, K=1, N=2, Q=3, O=6, P=8"
431,Medium,-,NRTEL,MMNN,,NLNM,6,"R=0, N=1, E=2, T=7, M=8, L=9"
432,Medium,-,MEMSS,ITTT,,OTI,6,"E=0, M=1, O=2, S=7, T=8, I=9"
433,Medium,-,BCDCJ,CABA,,JABC,5,"B=1, C=2, D=4, A=7, J=9"
434,Medium,-,FYWPY,PCBB,,PPPF,6,"Y=0, F=1, C=2, P=5, W=8, B=9"
435,Medium,-,LMLSA,ENAL,,NMAM,6,"S=0, L=1, M=4, A=5, N=6, E=7"
436,Medium,-,EMSIM,GECC,,GASG,7,"S=0, E=1, M=3, G=6, C=7, I=8, A=9"
437,Medium,-,WPBCH,WGPB,,BWWG,6,"P=0, W=1, C=2, H=7, G=8, B=9"
438,Medium,-,CXCAV,AABC,,VDXX,6,"C=1, B=2, D=3, X=6, V=7, A=8"
439,Medium,-,OSPPO,KTKP,,ROSS,6,"O=1, S=3, K=4, T=7, P=8, R=9"
440,Medium,-,DRFP,HHDH,,HFPF,5,"R=0, H=3, F=6, D=7, P=9"
441,Medium,-,SQMGA,OGMO,,OAQG,6,"S=1, A=2, G=4, Q=6, M=7, O=8"
442,Medium,-,YXAA,XAXY,,AAVC,5,"X=2, V=3, A=6, C=7, Y=9"
443,Medium,-,YUYD,WDZY,,UDDW,5,"W=1, U=3, Y=5, D=6, Z=9"
444,Medium,-,LLTFR,NLRN,,TRLF,5,"L=1, R=2, T=3, F=4, N=8"
445,Medium,-,QGEGM,GIQQ,,IQMQ,5,"E=0, Q=1, M=2, G=3, I=9"
446,Medium,-,EECQI,GIIG,,QCIC,5,"E=1, G=2, C=7, Q=8, I=9"
447,Medium,-,DGHDH,IGBG,,BDGG,5,"D=1, G=2, I=3, H=4, B=9"
448,Medium,-,REAEE,SRSM,,SSSM,5,"R=1, M=2, E=4, S=7, A=9"
449,Medium,-,UBUZ,AAB,,BXAB,5,"B=3, U=4, X=5, Z=6, A=7"
450,Medium,-,QUUEE,QME,,JMMU,5,"U=0, Q=1, E=6, M=8, J=9"
451,Medium,-,HCFWK,KKHF,,GGG,6,"C=0, H=1, F=4, G=5, W=6, K=9"
452,Medium,-,MRIIM,IORT,,IRNR,6,"M=1, R=2, N=3, O=4, I=6, T=9"
453,Medium,-,VUBVV,AYBU,,AZVZ,6,"V=1, Y=3, Z=5, U=6, A=8, B=9"
454,Medium,-,GWGCK,KKWC,,CFCC,5,"W=0, G=1, C=3, F=5, K=6"
455,Medium,-,RVRVW,WWVV,,MMJR,5,"J=0, R=1, V=2, W=3, M=8"
456,Medium,-,UWYUC,BYUB,,UYYB,5,"W=0, U=1, C=6, B=8, Y=9"
457,Medium,-,JJWQV,XQUW,,JQVW,6,"J=1, V=2, U=5, W=6, Q=8, X=9"
458,Medium,-,GEKKI,MOEK,,KMIK,6,"I=0, G=1, E=4, K=5, O=7, M=8"
459,Medium,-,YYWBV,VABB,,VVBA,5,"Y=1, W=2, V=5, A=6, B=9"
460,Medium,-,YZZXX,WYYV,,BXBV,6,"X=0, Y=1, Z=2, W=4, V=5, B=8"
461,Medium,x,XY,A,,YDX,4,"Y=2, X=4, A=7, D=9"
462,Medium,x,ZY,Z,,UZA,4,"A=0, Y=5, U=6, Z=8"
463,Medium,x,FL,N,,JJF,4,"J=1, F=2, N=4, L=8"
464,Medium,x,AH,D,,HBA,4,"H=2, A=4, D=7, B=9"
465,Medium,x,IR,R,,NLN,4,"N=4, I=5, L=6, R=8"
466,Medium,x,NL,L,,JTJ,4,"J=4, N=5, T=6, L=8"
467,Medium,x,LO,O,,AAS,4,"A=3, O=4, S=6, L=8"
468,Medium,x,BW,H,,WFB,4,"W=2, B=4, H=7, F=9"
469,Medium,x,IT,I,,AIL,4,"L=0, T=5, A=6, I=8"
470,Medium,x,SQ,Q,,EEK,4,"E=3, Q=4, K=6, S=8"
471,Medium,x,XV,M,,VXJ,4,"J=3, V=7, X=8, M=9"
472,Medium,x,QG,G,,KKS,4,"K=3, G=4, S=6, Q=8"
473,Medium,x,UJ,U,,EUW,4,"W=0, J=5, E=6, U=8"
474,Medium,x,WQ,J,,RRW,4,"R=1, W=2, J=4, Q=8"
475,Medium,x,RS,T,,SRO,4,"O=3, S=7, R=8, T=9"
476,Medium,x,UV,V,,AWA,4,"A=4, U=5, W=6, V=8"
477,Medium,x,GQ,M,,AAG,4,"A=1, G=2, M=4, Q=8"
478,Medium,x,CZ,A,,ZWC,4,"Z=2, C=4, A=7, W=9"
479,Medium,x,YU,U,,AAC,4,"A=3, U=4, C=6, Y=8"
480,Medium,x,EM,M,,XRX,4,"X=4, E=5, R=6, M=8"
481,Medium,x,OT,O,,SOR,4,"R=0, T=5, S=6, O=8"
482,Medium,x,CX,C,,DCY,4,"Y=0, X=5, D=6, C=8"
483,Medium,x,FH,E,,IIF,4,"I=1, F=2, E=4, H=8"
484,Medium,x,BF,C,,FBK,4,"K=3, F=7, B=8, C=9"
485,Medium,x,BH,B,,CBA,4,"A=0, H=5, C=6, B=8"
486,Medium,x,MT,T,,SSE,4,"S=3, T=4, E=6, M=8"
487,Medium,x,ZC,A,,UUZ,4,"U=1, Z=2, A=4, C=8"
488,Medium,x,FB,H,,BPF,4,"B=2, F=4, H=7, P=9"
489,Medium,x,QL,P,,LQT,4,"T=3, L=7, Q=8, P=9"
490,Medium,x,EJ,J,,MRM,4,"M=4, E=5, R=6, J=8"
491,Medium,x,OA,L,,ANO,4,"A=2, O=4, L=7, N=9"
492,Medium,x,IF,F,,HHG,4,"H=3, F=4, G=6, I=8"
493,Medium,x,AN,A,,IAR,4,"R=0, N=5, I=6, A=8"
494,Medium,x,JB,G,,BFJ,4,"B=2, J=4, G=7, F=9"
495,Medium,x,BE,C,,EAB,4,"E=2, B=4, C=7, A=9"
496,Medium,x,TE,R,,SST,4,"S=1, T=2, R=4, E=8"
497,Medium,x,WH,G,,HWY,4,"Y=3, H=7, W=8, G=9"
498,Medium,x,LI,O,,EEL,4,"E=1, L=2, O=4, I=8"
499,Medium,x,GP,B,,PGF,4,"F=3, P=7, G=8, B=9"
500,Medium,x,DF,F,,CKC,4,"C=4, D=5, K=6, F=8"
501,Hard,+,JDDJ,ADJB,,BDBCG,6,"B=1, C=3, D=5, A=6, J=8, G=9"
502,Hard,+,IJAC,JCFF,,EAEIJ,6,"A=0, E=1, J=3, F=5, I=6, C=8"
503,Hard,+,WCAA,CCBV,,YVWAW,6,"B=0, Y=1, V=2, C=4, A=6, W=8"
504,Hard,+,IJI,DBBA,,FEHDB,8,"E=0, F=1, H=2, J=3, B=5, I=7, A=8, D=9"
505,Hard,+,MZMW,UEUW,,JEWUE,6,"J=1, Z=2, E=4, U=5, W=7, M=9"
506,Hard,+,OGIO,ICIK,,CAICG,6,"C=1, A=2, G=3, I=5, K=6, O=7"
507,Hard,+,JDPF,JTPF,,BDLDF,7,"F=0, B=1, P=2, D=4, T=5, J=7, L=9"
508,Hard,+,RATL,SAIS,,TLSRA,6,"T=1, L=2, I=4, R=5, S=6, A=8"
509,Hard,+,NTFB,FBDT,,TTFHN,6,"T=1, H=3, B=4, N=5, F=6, D=7"
510,Hard,+,RALM,TSSR,,ALRMA,6,"A=1, M=2, L=4, T=5, S=7, R=9"
511,Hard,+,AWAU,UYYY,,DYYZZ,6,"D=1, Z=4, Y=6, A=7, U=8, W=9"
512,Hard,+,SOTO,TTRS,,ROLAT,6,"R=1, O=2, S=5, T=7, A=8, L=9"
513,Hard,+,AADX,VBXD,,BCXXV,6,"B=1, C=3, A=6, V=7, X=8, D=9"
514,Hard,+,EGHH,HHCA,,GCFGG,6,"G=1, C=3, A=4, E=6, H=7, F=9"
515,Hard,+,TRSL,IISI,,NSILT,6,"R=0, N=1, S=3, T=5, L=7, I=8"
516,Hard,+,VXJU,JMEM,,UUVUX,6,"U=1, V=2, E=3, M=5, X=6, J=8"
517,Hard,+,MAIO,NEAO,,NNIME,6,"I=0, N=1, E=2, O=6, A=8, M=9"
518,Hard,+,VUZD,VDCX,,XDCUZ,6,"X=1, U=3, D=4, Z=5, V=7, C=8"
519,Hard,+,HEGE,BHGG,,FGIIF,6,"F=1, I=3, E=5, G=6, H=7, B=8"
520,Hard,+,VVJV,UZWV,,EWWZZ,6,"E=1, W=2, V=4, J=6, U=7, Z=8"
521,Hard,+,TTRI,ITAR,,INSNO,7,"N=0, I=1, R=4, O=5, A=6, S=7, T=8"
522,Hard,+,EMME,GAAM,,ECIKA,7,"C=0, E=1, K=3, I=4, M=6, A=7, G=8"
523,Hard,+,YPDH,HDYH,,HHWFP,6,"W=0, H=1, P=2, F=6, D=7, Y=9"
524,Hard,+,GCCC,CQAE,,CMEQG,6,"M=0, C=1, A=6, Q=7, E=8, G=9"
525,Hard,+,BKPB,BGFP,,DKFKG,6,"K=0, D=1, P=2, B=5, G=7, F=8"
526,Hard,+,JDHL,BLPP,,JHHHJ,6,"H=0, J=1, L=2, D=7, B=8, P=9"
527,Hard,+,RJRJ,VMMV,,REEUR,6,"E=0, R=1, J=3, M=7, V=8, U=9"
528,Hard,+,MXVU,JUMV,,EEJJJ,6,"E=1, J=3, X=4, V=5, M=7, U=8"
529,Hard,+,CCAI,GDAI,,ACHID,6,"H=0, A=1, I=2, D=4, C=6, G=9"
530,Hard,+,JJBJ,DHLL,,NNBJD,6,"N=1, D=2, B=3, L=4, H=5, J=8"
531,Hard,+,UUUB,UDXD,,CDBBW,6,"C=1, B=3, D=5, X=6, U=7, W=8"
532,Hard,+,EOAA,KSQK,,ESSSS,6,"S=0, E=1, A=2, Q=7, K=8, O=9"
533,Hard,+,JHID,ADBD,,HIAJJ,6,"B=0, H=1, I=5, J=6, D=8, A=9"
534,Hard,+,DDTP,TDTN,,FTPLF,6,"F=1, T=2, N=3, L=5, P=8, D=9"
535,Hard,+,LJHH,DHLT,,HHTPP,6,"P=0, H=1, D=3, J=7, L=8, T=9"
536,Hard,+,WZVV,VBCC,,DDCBZ,6,"D=1, Z=3, B=4, V=5, W=6, C=8"
537,Hard,+,ZEE,RREZ,,EVWWQ,6,"V=0, E=1, W=2, Z=3, Q=4, R=9"
538,Hard,+,AAHH,AEEH,,HDBDF,6,"H=1, F=2, B=4, E=6, D=7, A=8"
539,Hard,+,FPFJ,HPNF,,TJJHB,7,"T=1, N=3, J=4, F=5, P=7, H=8, B=9"
540,Hard,+,XQWU,XQUU,,QJEME,7,"W=0, Q=1, E=2, U=6, M=7, J=8, X=9"
541,Hard,+,SEND,MORE,,MONEY,8,"S=9, E=5, N=6, D=7, M=1, O=0, R=8, Y=2"
542,Hard,-,WQEXZ,EJMM,,JXJQ,7,"Z=0, W=1, Q=2, E=4, X=6, J=7, M=8"
543,Hard,-,TDDPN,LBND,,FFNR,8,"T=1, N=3, D=4, L=5, B=6, P=7, F=8, R=9"
544,Hard,-,LOOOP,MPOS,,SKSK,6,"L=1, P=2, K=3, O=6, M=7, S=9"
545,Hard,-,KBDBF,FGKD,,YGKY,6,"K=1, B=3, F=5, Y=7, D=8, G=9"
546,Hard,-,XDCDY,XDZV,,YXZC,6,"D=0, X=1, C=2, Z=5, V=7, Y=9"
547,Hard,-,MMJJJ,RMVZ,,RZQQ,6,"J=0, M=1, Q=2, R=5, V=7, Z=8"
548,Hard,-,CZXZB,WBXW,,XYUY,7,"C=1, B=2, Y=3, Z=5, X=6, U=8, W=9"
549,Hard,-,JDBRN,BLHB,,RNHR,7,"D=0, J=1, H=2, R=4, B=5, L=6, N=9"
550,Hard,-,EIALT,MTNL,,ELAA,7,"I=0, E=1, A=2, N=3, L=5, T=7, M=8"
551,Hard,-,STQKT,MPQP,,MTSS,6,"S=1, Q=3, K=4, P=6, T=7, M=8"
552,Hard,-,RLTLS,OKMT,,LMRM,7,"R=1, T=2, M=4, L=5, S=6, K=8, O=9"
553,Hard,-,MIRTA,TTIS,,RMAT,6,"A=0, M=1, S=2, I=7, T=8, R=9"
554,Hard,-,CPFDP,FGGP,,FDPB,6,"B=0, C=1, D=3, G=5, P=8, F=9"
555,Hard,-,SQSSO,CCQC,,MIQM,6,"S=1, I=2, O=4, Q=5, M=6, C=8"
556,Hard,-,GHHEJ,BHBC,,EHCC,6,"H=0, G=1, B=3, C=4, E=7, J=8"
557,Hard,-,BCHWP,YPPB,,KKKC,7,"B=1, W=2, H=3, C=4, P=5, Y=6, K=7"
558,Hard,-,ISIMN,EESL,,NSAM,7,"I=1, M=2, S=4, L=5, E=6, N=7, A=8"
559,Hard,-,RPKMS,MNKK,,QSQN,7,"R=1, P=2, K=3, Q=4, N=5, M=7, S=8"
560,Hard,-,CCFCB,BGBH,,FFHA,6,"C=1, F=2, H=3, A=5, B=8, G=9"
561,Hard,-,VYCUW,WAWD,,AWWD,7,"V=1, C=2, Y=3, W=4, D=7, A=8, U=9"
562,Hard,-,GBYYB,FPHY,,GPFW,7,"B=0, G=1, Y=3, H=4, P=6, W=7, F=8"
563,Hard,-,NNNPP,FRNH,,RPLR,6,"N=1, L=3, F=4, P=5, R=6, H=9"
564,Hard,-,YBWYK,BKBC,,PKCC,6,"Y=1, B=2, W=3, K=6, C=8, P=9"
565,Hard,-,IQGSM,SMGG,,AQAG,6,"I=1, M=2, Q=3, S=5, G=6, A=8"
566,Hard,-,SNNMO,MOSQ,,OKSK,6,"N=0, S=1, M=2, K=3, Q=4, O=7"
567,Hard,-,NREES,NONN,,EOAN,6,"R=0, N=1, S=2, A=7, E=8, O=9"
568,Hard,-,NLDHN,HPTT,,PFFL,7,"N=1, L=3, D=4, H=5, F=6, P=7, T=8"
569,Hard,-,SSONT,TIII,,TITM,6,"S=1, N=2, O=3, T=5, I=6, M=9"
570,Hard,-,NJBLN,DNBT,,NLBL,6,"J=0, N=1, L=5, T=6, B=7, D=9"
571,Hard,-,GSIGS,CQQC,,ICIA,6,"G=1, S=2, I=4, A=5, Q=6, C=7"
572,Hard,-,GSCAQ,OQCA,,QSSS,6,"G=1, A=2, S=3, Q=5, O=8, C=9"
573,Hard,-,BEBDC,CCBB,,IDJI,6,"B=1, J=2, D=3, E=6, I=7, C=8"
574,Hard,-,EHHIF,FJJI,,FGGG,6,"E=1, I=2, H=3, G=4, F=6, J=8"
575,Hard,-,HDLNF,NHLL,,TTDN,6,"H=1, D=2, F=3, T=4, L=5, N=8"
576,Hard,-,JDJHN,DTPH,,DTDP,6,"J=1, H=3, P=4, T=5, N=7, D=9"
577,Hard,-,XADUZ,XXZW,,BAWD,7,"A=0, X=1, D=2, U=4, W=6, Z=8, B=9"
578,Hard,-,HHHLL,TPTF,,LHJJ,6,"H=1, L=3, J=5, T=7, F=8, P=9"
579,Hard,-,YWCCB,FWFW,,PWCK,7,"B=0, Y=1, W=2, P=3, C=5, K=8, F=9"
580,Hard,-,BBDBT,DJJF,,DFRB,6,"B=1, R=3, D=5, F=6, T=7, J=8"
581,Hard,-,VJVEU,ZZJM,,URZJ,7,"V=1, J=3, M=4, Z=5, R=6, U=7, E=8"
582,Hard,-,CUZWB,YUYY,,YWCW,6,"C=1, Z=4, U=5, B=6, Y=7, W=9"
583,Hard,-,JVMWQ,WVZM,,VZMM,6,"J=1, M=2, Q=4, V=5, Z=7, W=9"
584,Hard,-,CESGA,MMIC,,IEME,7,"C=1, S=2, G=3, E=4, A=5, I=6, M=7"
585,Hard,-,AQQMI,KIAQ,,ICQC,6,"A=1, Q=2, M=3, K=4, C=5, I=7"
586,Hard,-,BDCIB,IJJI,,BFCJ,6,"D=0, B=1, J=2, F=4, C=6, I=9"
587,Hard,-,SNSQQ,KTMS,,MRTN,7,"S=1, R=2, N=4, Q=5, K=6, M=7, T=8"
588,Hard,-,VXJXX,WVQM,,WMJW,6,"J=0, V=1, Q=6, X=7, W=8, M=9"
589,Hard,-,EKAGE,OOAA,,EOKQ,6,"K=0, E=1, Q=5, A=6, G=7, O=8"
590,Hard,-,KCKOO,OCQS,,SMCM,6,"Q=0, K=1, C=4, O=5, M=7, S=8"
591,Hard,x,OOI,O,,QIKC,5,"K=1, I=4, Q=5, O=7, C=8"
592,Hard,x,RHP,P,,DLRL,5,"H=2, D=3, P=4, L=6, R=9"
593,Hard,x,LTT,L,,SERS,5,"T=2, E=5, S=6, R=7, L=8"
594,Hard,x,TOO,T,,NSLN,5,"O=2, S=5, N=6, L=7, T=8"
595,Hard,x,QQI,G,,CQEQ,5,"C=2, G=4, Q=6, E=7, I=9"
596,Hard,x,FFP,P,,YCCH,5,"C=2, H=4, Y=6, F=7, P=8"
597,Hard,x,NSK,O,,KNNQ,5,"K=3, N=5, O=6, Q=8, S=9"
598,Hard,x,AMN,O,,MNNS,5,"S=0, M=2, A=4, N=5, O=6"
599,Hard,x,VXX,D,,AAB,5,"D=2, V=3, B=6, A=7, X=8"
600,Hard,x,BPL,F,,NBFB,5,"N=1, F=3, B=4, P=7, L=8"
601,Hard,x,WRZ,V,,XVVW,5,"Z=2, X=3, V=4, R=6, W=8"
602,Hard,x,FGH,F,,GKDD,5,"D=2, G=3, F=6, H=7, K=8"
603,Hard,x,MTR,I,,STTT,5,"R=4, S=6, I=7, T=8, M=9"
604,Hard,x,OKK,E,,MOQM,5,"Q=1, M=6, E=7, K=8, O=9"
605,Hard,x,YYA,A,,UZVZ,5,"U=1, A=3, Y=6, V=8, Z=9"
606,Hard,x,HFF,E,,AABH,5,"A=1, H=2, E=4, B=5, F=8"
607,Hard,x,ESO,E,,OOCI,5,"C=0, I=2, S=7, O=8, E=9"
608,Hard,x,DDJ,L,,RBDD,5,"B=1, J=4, R=6, L=7, D=8"
609,Hard,x,ZWR,W,,MMMX,5,"X=2, M=3, Z=4, R=6, W=7"
610,Hard,x,GOQ,A,,IIQI,5,"Q=2, O=3, I=4, G=6, A=7"
611,Hard,x,SIG,O,,ISEO,5,"G=1, E=3, I=7, S=8, O=9"
612,Hard,x,GCC,F,,CDEG,5,"C=2, G=4, E=5, F=7, D=9"
613,Hard,x,EES,T,,OMTM,5,"O=3, S=4, E=5, T=7, M=8"
614,Hard,x,FYY,K,,GFWW,5,"G=1, Y=2, K=3, F=5, W=6"
615,Hard,x,EEM,U,,JQME,5,"M=2, J=3, U=4, Q=5, E=8"
616,Hard,x,OKK,Q,,CQGG,5,"C=1, Q=2, K=4, O=6, G=8"
617,Hard,x,PDK,B,,FPBF,5,"K=3, F=4, P=5, D=7, B=8"
618,Hard,x,CWX,V,,WCYY,5,"X=4, Y=6, W=7, C=8, V=9"
619,Hard,x,OGE,M,,CEMO,5,"G=1, E=2, C=3, M=4, O=8"
620,Hard,x,UMM,E,,WUZU,5,"W=1, E=3, U=4, Z=6, M=8"
621,Hard,x,ESL,O,,LLOA,5,"L=2, O=4, E=5, S=6, A=8"
622,Hard,x,TTB,T,,PRBF,5,"P=1, T=4, F=6, R=7, B=9"
623,Hard,x,BVC,U,,VCVX,5,"V=1, B=3, X=4, U=6, C=9"
624,Hard,x,OMK,L,,PKKL,5,"M=1, P=3, L=4, K=6, O=9"
625,Hard,x,CPW,P,,CFPY,5,"Y=0, C=1, F=4, W=5, P=8"
626,Hard,x,TBB,F,,DTJD,5,"J=1, D=6, F=7, B=8, T=9"
627,Hard,x,RUV,U,,ZWVW,5,"Z=1, U=2, V=4, W=8, R=9"
628,Hard,x,HHY,W,,GFYG,5,"G=1, W=3, H=5, F=6, Y=7"
629,Hard,x,YYD,D,,HWWF,5,"W=2, F=4, H=6, Y=7, D=8"
630,Hard,x,DTD,T,,NHL,5,"D=2, T=4, H=6, L=8, N=9"
631,Hard,+,GIQES,SGSII,,OIACGA,8,"E=0, O=1, C=3, A=4, Q=5, I=6, G=7, S=8"
632,Hard,+,MQAGG,QKGGC,,KGIGQK,7,"A=0, K=1, G=2, Q=5, I=6, M=7, C=9"
633,Hard,+,DCXAU,BBZAU,,UCDAZC,7,"X=0, U=1, C=2, B=5, D=7, Z=8, A=9"
634,Hard,+,RRMPQ,LOTSQ,,PTSORO,8,"P=1, T=2, L=4, S=5, M=6, R=7, O=8, Q=9"
635,Hard,+,MKSAG,MGCAQ,,SIISIA,8,"C=0, S=1, A=2, Q=3, I=5, K=6, M=7, G=9"
636,Hard,+,FYFYY,CDYG,,DKBBK,7,"K=0, Y=1, B=3, F=6, D=7, C=8, G=9"
637,Hard,+,AFFFC,EEAHD,,ICDCID,7,"C=0, I=1, F=2, E=3, D=6, A=7, H=9"
638,Hard,+,LTNOO,ATATO,,NMELLT,7,"N=1, T=2, E=4, O=6, M=7, A=8, L=9"
639,Hard,+,VYWVW,WZWBX,,UXVVWY,7,"U=1, Z=2, X=3, W=4, B=5, Y=7, V=9"
640,Hard,+,NTBTP,DDPRJ,,JNJPB,7,"R=0, D=2, B=3, T=4, P=5, N=6, J=8"
641,Hard,+,OOSEL,LOLMM,,SSIREE,7,"S=1, E=2, L=3, I=4, R=5, O=7, M=9"
642,Hard,+,GMKEO,AQMQM,,KAKQAM,7,"O=0, K=1, E=2, M=5, Q=6, A=8, G=9"
643,Hard,+,OMTNQ,NOQNT,,TQLLQK,7,"T=1, Q=2, K=3, L=4, O=5, N=6, M=9"
644,Hard,+,PBPBN,FBFLB,,HLTFF,7,"P=2, F=3, B=4, H=5, T=6, L=8, N=9"
645,Hard,+,PBGDK,BHGKC,,WDGDHW,8,"D=0, W=1, P=3, C=4, G=5, B=6, K=7, H=8"
646,Hard,+,BAWVY,AUBAA,,YYWDBC,8,"Y=1, B=2, W=3, V=4, U=5, D=6, A=8, C=9"
647,Hard,+,PCFDH,PFDCH,,FDPKHG,7,"K=0, F=1, G=2, H=6, C=7, D=8, P=9"
648,Hard,+,KSKQR,QNKKT,,RKMLNR,8,"T=0, R=1, L=3, M=4, N=5, K=6, S=8, Q=9"
649,Hard,+,JHIEE,JEEHF,,CGGCAI,8,"C=1, E=2, H=3, A=5, G=6, F=7, J=8, I=9"
650,Hard,+,XAZYC,XAUCV,,BVBCZA,8,"A=0, B=1, C=2, Y=4, U=5, Z=7, V=8, X=9"
651,Hard,+,MMZMV,QWQXV,,QQXXRW,7,"Q=1, V=4, Z=5, R=6, X=7, W=8, M=9"
652,Hard,+,MLPMT,QRNPN,,KMMRNQ,8,"K=1, P=2, M=3, T=4, N=5, L=6, R=7, Q=9"
653,Hard,+,OMRLT,OPQRT,,SRORMR,8,"M=0, S=1, T=3, L=4, R=6, P=7, O=8, Q=9"
654,Hard,+,IIOAS,SMMME,,EMRSEA,7,"E=1, M=2, I=4, O=5, R=6, S=8, A=9"
655,Hard,+,XZWWW,WAXVB,,YZYZZX,7,"Y=1, B=3, Z=4, W=5, A=6, X=8, V=9"
656,Hard,+,PGKF,KKBPH,,PGHYP,7,"G=3, Y=4, B=5, K=6, P=7, F=8, H=9"
657,Hard,+,DYUDC,CCXDC,,DVZCZX,7,"V=0, D=1, U=2, Z=3, Y=5, X=6, C=8"
658,Hard,+,UMWQQ,WXRUE,,MREREW,7,"X=0, M=1, E=2, R=4, U=5, Q=7, W=9"
659,Hard,+,NASRT,RSLLE,,SESRTR,7,"A=0, S=1, E=3, N=4, T=6, L=7, R=9"
660,Hard,+,DDBLP,HNHPT,,BPTNNJ,8,"N=0, B=1, P=3, D=5, T=6, L=7, H=8, J=9"
661,Hard,+,TLKMN,TLLKM,,SPKTKT,7,"K=0, S=1, P=3, L=5, T=6, N=7, M=9"
662,Hard,+,LMMTE,OAENT,,OOOAEA,7,"O=1, A=3, E=5, N=6, M=7, T=8, L=9"
663,Hard,+,XREEZ,ZRXWU,,QRZREM,8,"Q=1, R=2, M=3, E=4, Z=5, X=7, U=8, W=9"
664,Hard,+,CCKOS,SSEKE,,OGAAAM,8,"M=0, O=1, E=2, K=3, A=5, G=6, C=7, S=8"
665,Hard,+,FFFHY,FHHKK,,KBGGDH,7,"B=0, K=1, Y=2, H=3, D=4, F=5, G=8"
666,Hard,+,POQNQ,STMON,,LMQSNL,8,"L=1, M=2, Q=3, T=4, P=5, S=6, N=8, O=9"
667,Hard,+,DWAVW,BYCXA,,XCVYWB,8,"X=1, A=3, V=4, W=5, C=6, D=7, B=8, Y=9"
668,Hard,+,YDBGC,YYKHB,,CHBYDC,7,"B=0, C=1, D=3, H=5, K=6, Y=7, G=8"
669,Hard,+,BUXWU,VYDBY,,DYYUV,7,"B=2, V=4, Y=5, W=6, D=7, X=8, U=9"
670,Hard,+,NPLSM,LOLPO,,QOLSLL,7,"Q=1, P=2, M=3, O=5, S=6, N=7, L=8"
671,Hard,+,FHLRR,LHRDB,,PHHBBH,7,"H=0, P=1, R=2, F=4, D=5, L=6, B=8"
672,Hard,+,RLOIS,SANMI,,MARISO,8,"M=1, A=2, I=3, S=4, L=5, N=6, O=7, R=8"
673,Hard,+,FFWDK,DFDBW,,PGYYWF,8,"P=1, B=2, G=4, Y=5, D=6, F=7, K=8, W=9"
674,Hard,+,RTOER,RROAM,,OLNLRA,8,"A=0, O=1, L=2, T=3, M=4, E=5, R=6, N=9"
675,Hard,+,RRFNR,PRRDL,,PDHTHP,8,"D=0, P=1, T=2, L=3, F=4, N=6, H=7, R=8"
676,Hard,+,AHFBF,ABGCC,,FIBAAG,7,"H=0, F=1, B=2, I=4, C=5, G=6, A=7"
677,Hard,+,EEFII,JDDFD,,CGHCDH,8,"G=0, C=1, D=2, E=3, I=4, H=6, J=7, F=8"
678,Hard,+,PCKGF,KGWFP,,WHWBWK,8,"B=0, W=1, H=2, P=3, C=4, F=5, G=6, K=8"
679,Hard,+,QUVZJ,ZXZUX,,URMJQV,8,"U=1, X=2, J=3, M=4, V=5, R=7, Z=8, Q=9"
680,Hard,+,SOKAE,GGIQA,,GOAASK,8,"O=0, G=1, A=2, I=4, E=6, Q=7, K=8, S=9"
681,Hard,+,MIARR,AIMOI,,RLOINA,7,"N=0, R=1, L=3, I=4, A=5, M=8, O=9"
682,Hard,+,UXWWQ,JJVQQ,,VVMJWM,7,"V=1, X=2, W=4, U=5, J=6, M=8, Q=9"
683,Hard,+,LQRTT,LRQRM,,NQOLRQ,7,"N=1, R=2, Q=4, M=5, O=6, L=7, T=9"
684,Hard,+,DCZVX,UDVVW,,VZCXX,7,"W=0, D=1, C=3, X=4, Z=5, U=6, V=7"
685,Hard,+,MIGEM,ESMQG,,CMMIGS,7,"C=1, G=2, Q=3, M=5, S=7, I=8, E=9"
686,Hard,+,WGWPK,FFKDP,,GHDGDG,7,"G=1, K=2, H=3, F=5, D=7, W=8, P=9"
687,Hard,+,CWKBP,WBKHB,,BYPCKC,7,"Y=0, B=1, H=2, K=3, W=4, P=5, C=6"
688,Hard,+,NQTNT,QPMR,,MTMON,7,"N=1, M=2, T=3, O=4, Q=6, R=8, P=9"
689,Hard,+,DCJBJ,BCDDD,,EEAHII,8,"E=1, I=2, H=3, C=4, D=5, B=6, J=7, A=9"
690,Hard,+,GAADF,AJIIB,,FBDJFF,7,"B=0, F=1, I=2, A=3, J=6, G=7, D=9"
691,Hard,-,TLKQTQ,LOOQL,,ROSKT,7,"T=1, L=3, Q=4, S=5, K=7, O=8, R=9"
692,Hard,-,AABIJA,EHJCG,,JICIB,8,"A=1, J=2, C=4, G=5, B=6, I=7, E=8, H=9"
693,Hard,-,BDYDDA,ZDBYB,,UAXDZ,7,"Y=0, B=1, X=3, D=4, Z=5, A=6, U=8"
694,Hard,-,FCCDYB,KYCHF,,CHHFD,7,"F=1, D=3, B=4, C=6, H=7, Y=8, K=9"
695,Hard,-,YDKYKH,HKKWW,,GBCHD,8,"Y=1, W=2, C=3, D=4, H=6, G=7, K=8, B=9"
696,Hard,-,BYHYHY,GCDC,,PGHFF,8,"Y=0, B=1, C=4, H=5, F=6, G=7, D=8, P=9"
697,Hard,-,VYYBXX,CCZU,,BUZUW,8,"Y=0, V=1, C=2, X=5, Z=6, W=7, U=8, B=9"
698,Hard,-,BDAUAC,UAAUB,,VDVCW,7,"D=0, B=1, V=2, A=5, W=6, C=7, U=8"
699,Hard,-,WKDBGP,GKWCC,,FCGDB,8,"D=0, W=1, K=3, F=4, P=6, C=7, G=8, B=9"
700,Hard,-,EAAAE,QKKQA,,QOGCC,7,"C=2, Q=3, A=5, K=6, E=7, O=8, G=9"
701,Hard,-,WZACCX,DVDXC,,AWZDU,8,"W=1, X=2, Z=3, D=4, U=5, C=7, V=8, A=9"
702,Hard,-,BBJBDA,ECGGD,,EECJG,7,"B=1, A=2, J=3, G=4, E=5, C=7, D=8"
703,Hard,-,EOSLAA,LAIAS,,NSSTS,8,"A=0, E=1, I=2, O=4, S=5, N=6, L=8, T=9"
704,Hard,-,TTLARR,LOINM,,IIRTN,8,"R=0, T=1, M=2, O=3, I=4, A=5, L=7, N=8"
705,Hard,-,ACGCCG,OEEEO,,CCGQK,7,"A=1, Q=2, G=3, K=4, E=5, C=8, O=9"
706,Hard,-,KTONQR,QTORN,,SMMTO,8,"T=0, K=1, R=3, Q=4, N=5, S=6, M=7, O=8"
707,Hard,-,ATMATO,SEEES,,LALME,7,"O=0, A=1, E=2, M=4, T=7, S=8, L=9"
708,Hard,-,JZUUJV,QWQRM,,QZRMQ,8,"Z=0, J=1, W=2, U=3, M=4, Q=5, R=7, V=9"
709,Hard,-,GWCHYG,PFYCW,,PWPCF,7,"G=1, C=2, H=3, F=4, Y=5, W=7, P=8"
710,Hard,-,LTETIA,ATSAE,,IOAEM,8,"L=1, T=3, O=4, S=5, I=6, A=7, E=8, M=9"
711,Hard,-,SALMOR,LOARE,,LAOEE,7,"S=1, O=2, R=4, A=6, E=7, L=8, M=9"
712,Hard,-,WZRRVR,VZXUE,,QUXZQ,8,"W=1, E=2, Z=3, U=4, Q=6, V=7, R=8, X=9"
713,Hard,-,EEAMSS,GSEIA,,KGAEK,7,"E=1, A=2, M=3, G=4, K=6, I=7, S=8"
714,Hard,-,LNNMER,EMTRE,,TAARO,8,"N=0, L=1, A=2, O=3, E=4, T=5, R=7, M=8"
715,Hard,-,DDDNDT,PRJFN,,LJLNJ,8,"D=1, J=2, L=3, F=5, N=6, P=7, T=8, R=9"
716,Hard,-,XEMVRX,QXEWM,,XWUVW,8,"E=0, X=1, R=4, W=5, M=6, U=7, V=8, Q=9"
717,Hard,-,ICDIGJ,GFJIG,,JBBEF,8,"C=0, I=1, F=2, E=3, G=4, B=5, J=6, D=8"
718,Hard,-,CUZAVD,ZAXZY,,AYYYX,8,"V=0, C=1, Y=2, X=3, U=4, D=5, A=6, Z=8"
719,Hard,-,RXQJMW,MZWQM,,WRWZQ,7,"X=0, R=1, W=4, M=6, Z=7, Q=8, J=9"
720,Hard,-,NMNKRR,MRPPM,,SKTPT,7,"N=1, T=2, P=3, M=4, K=5, R=6, S=9"
721,Hard,-,NPFNRP,TNHJB,,RTHFP,8,"B=0, N=1, P=3, H=5, T=6, R=7, F=8, J=9"
722,Hard,-,TLRNNN,RNPMM,,PNTMO,7,"L=0, T=1, R=4, P=5, N=7, M=8, O=9"
723,Hard,-,AMESEG,MQSQS,,MOMSE,7,"A=1, E=2, O=3, S=4, G=6, Q=8, M=9"
724,Hard,-,SRPRS,MOLPL,,OSMST,7,"R=0, O=1, P=2, T=3, L=5, M=6, S=8"
725,Hard,-,BBHCHG,KPDWB,,KCWKC,8,"D=0, B=1, H=2, P=4, K=5, W=7, C=8, G=9"
726,Hard,-,WPHDDB,DYWKC,,CPCWD,8,"W=1, H=2, B=3, P=4, K=5, C=6, D=7, Y=8"
727,Hard,-,BCBDWW,DWXXV,,AAVBU,8,"B=1, V=2, C=3, A=4, U=5, X=6, W=7, D=8"
728,Hard,-,GPCWWB,HYWCY,,BYHCF,8,"W=0, G=1, Y=2, C=5, F=6, P=7, B=8, H=9"
729,Hard,-,ATSART,MTTMR,,SNIAI,7,"A=1, N=2, T=5, I=6, M=7, S=8, R=9"
730,Hard,-,IOGCIE,CKIQK,,GCKEG,7,"O=0, I=1, K=2, Q=3, C=4, G=6, E=8"
731,Hard,-,PJLRBB,RHPRL,,NRBFR,8,"P=1, H=2, B=4, J=5, R=6, F=7, L=8, N=9"
732,Hard,-,ABHDAG,JCAHB,,DFFDB,8,"A=1, F=2, B=3, D=4, C=5, G=6, H=7, J=9"
733,Hard,-,LTTAAO,MRTNN,,OMNTL,7,"L=1, T=3, M=5, N=6, O=7, R=8, A=9"
734,Hard,-,CCYVYD,WBXYY,,WADAY,8,"X=0, C=1, D=2, V=3, W=5, Y=6, B=7, A=9"
735,Hard,-,FDJIFF,GAFGC,,IBJFB,8,"F=1, A=2, B=3, J=5, D=6, I=7, C=8, G=9"
736,Hard,-,LNIATT,SLTIE,,ANSEE,7,"T=0, L=1, N=3, I=4, E=5, S=6, A=7"
737,Hard,-,WWBWWB,XWCUC,,UADUC,7,"W=1, A=2, D=3, B=4, U=5, X=6, C=7"
738,Hard,-,WBWUZB,CUVBU,,AAWAW,7,"B=0, W=1, A=2, Z=3, C=7, V=8, U=9"
739,Hard,-,VUWQUM,RMRMR,,QVURE,7,"W=0, V=1, U=3, R=4, E=5, Q=8, M=9"
740,Hard,-,RLEOMS,NNRO,,SIMER,8,"L=0, R=1, E=2, M=3, N=5, I=7, O=8, S=9"
741,Hard,-,SPKTRR,TPMQK,,RMRMT,7,"S=1, M=2, Q=4, P=6, R=7, K=8, T=9"
742,Hard,-,PJLFBJ,JTDFN,,DBTLT,8,"P=1, L=2, N=3, F=4, T=5, B=6, J=8, D=9"
743,Hard,-,DJEJGE,BBHDJ,,ABCJC,8,"D=1, J=2, G=3, B=4, H=5, C=7, A=8, E=9"
744,Hard,-,LMRLER,TMOSM,,NSTRM,8,"L=1, S=2, M=3, T=4, R=6, O=7, E=8, N=9"
745,Hard,-,UXDXAB,ABYVY,,YUBUX,7,"D=0, U=1, X=3, Y=5, V=6, A=7, B=8"
746,Hard,-,MJJJQQ,VUUEW,,RUERJ,8,"Q=0, M=1, E=2, U=3, W=4, J=6, R=7, V=9"
747,Hard,-,QZEEUM,UMXQQ,,QVXEX,7,"Z=0, Q=1, V=3, X=4, M=5, E=8, U=9"
748,Hard,-,XUUWDX,WBDWB,,CBUYC,7,"U=0, X=1, D=2, W=3, B=5, C=6, Y=8"
749,Hard,-,OEAGOG,OOMGQ,,IQOAA,7,"E=0, O=1, Q=3, A=4, M=5, G=7, I=9"
750,Hard,-,CKBCKH,GGYGW,,GKCWY,7,"K=0, C=1, H=3, W=4, G=5, B=6, Y=9"
751,Expert,+,ISOOL,LSTSI,,AMAIM,7,"I=1, L=2, M=3, A=4, O=5, S=6, T=8"
752,Expert,+,KCOII,EIEIK,,IMIKOA,7,"C=0, I=1, O=2, M=4, E=6, K=8, A=9"
753,Expert,+,VZEXQ,JXRVZ,,WVEJWW,8,"W=1, V=2, R=3, Q=4, E=5, Z=7, X=8, J=9"
754,Expert,+,BPGWH,BYGYW,,WWYKKG,7,"W=1, Y=3, K=4, B=5, H=6, G=7, P=9"
755,Expert,+,BFPPC,PYHHC,,FCHCWY,7,"F=1, W=2, C=3, P=4, Y=6, H=8, B=9"
756,Expert,+,PTTBD,RLJBL,,LFDRRR,8,"L=1, J=2, F=3, B=4, P=5, T=6, D=7, R=8"
757,Expert,+,PBDFB,DJLBB,,RRRRJN,8,"R=1, D=2, B=3, F=4, N=6, J=7, P=8, L=9"
758,Expert,+,EAESC,KGMOM,,GACQSS,9,"O=0, G=1, M=2, A=3, C=4, E=5, S=6, Q=7, K=8"
759,Expert,+,KCCDH,WDCHF,,DHYHBW,8,"D=1, F=2, H=4, B=5, W=6, C=7, K=8, Y=9"
760,Expert,+,PPMLK,OSKPQ,,QMNSNM,8,"N=0, Q=1, S=2, L=3, K=5, M=6, P=7, O=8"
761,Expert,+,LDDDH,LTFDP,,PJPRLD,8,"P=1, T=2, J=3, R=4, F=5, L=6, H=7, D=8"
762,Expert,+,EGBGB,FFJEC,,JCHCHB,7,"C=0, J=1, H=2, F=4, E=5, G=7, B=8"
763,Expert,+,MOSSI,ATSAT,,NSNAML,8,"N=1, S=2, L=3, A=4, T=5, O=6, M=7, I=8"
764,Expert,+,ZERJE,MRUMZ,,WXJEWM,8,"X=0, W=1, Z=2, J=4, E=5, U=6, M=7, R=8"
765,Expert,+,KGOSS,KMIIG,,MOQQQS,7,"G=0, M=1, Q=2, I=5, O=6, S=7, K=8"
766,Expert,+,YZYDD,VZYZC,,WWYWWU,7,"W=1, Z=2, Y=5, V=6, U=7, D=8, C=9"
767,Expert,+,FCDCK,HKBKP,,BBPHC,7,"F=1, K=2, P=4, D=5, C=6, H=8, B=9"
768,Expert,+,KDFGG,FDGKW,,BGKKBH,7,"B=1, W=2, G=3, F=4, H=5, K=8, D=9"
769,Expert,+,MMOOQ,AEOEM,,SGGGIE,8,"I=0, S=1, O=2, G=5, A=6, E=7, M=8, Q=9"
770,Expert,+,ITASE,SNSNR,,RNLTEA,8,"R=1, T=2, N=3, S=4, L=6, E=7, A=8, I=9"
771,Expert,+,YFKKW,KBFWD,,GWDYPF,8,"G=1, D=2, P=3, B=4, W=5, Y=6, F=7, K=8"
772,Expert,+,LRNAT,LLRET,,RMAMNA,7,"R=1, N=2, E=3, M=4, L=7, A=8, T=9"
773,Expert,+,GIMCC,CMOOM,,OOEQOG,7,"O=1, G=2, M=3, I=4, Q=5, E=7, C=9"
774,Expert,+,PTROS,NSSOP,,TSOPLL,7,"T=1, R=2, L=3, S=5, O=6, N=7, P=8"
775,Expert,+,AFHCF,ADGBE,,HECDDG,8,"G=0, H=1, D=2, B=3, E=4, F=6, A=7, C=8"
776,Expert,+,LHFTN,NNLTD,,FHBDLL,7,"B=0, F=1, H=2, L=3, D=5, T=6, N=8"
777,Expert,+,OSKTP,LTLOQ,,RTTMPM,9,"M=0, R=1, P=2, K=3, T=4, L=6, O=7, Q=8, S=9"
778,Expert,+,IERAA,NEAMI,,ISASIT,8,"S=0, I=1, R=2, E=3, M=4, A=7, T=8, N=9"
779,Expert,+,ROOOR,MONMQ,,NOQRKT,7,"T=0, N=1, Q=2, K=4, O=6, M=7, R=8"
780,Expert,+,AECGC,OACCA,,ICOKSI,8,"G=0, I=1, C=4, S=5, O=6, A=7, K=8, E=9"
781,Expert,+,LEELS,MMALS,,OSISML,7,"A=0, O=1, E=3, S=4, M=6, L=8, I=9"
782,Expert,+,IHJFD,CABIG,,HFCAGB,9,"H=1, J=2, B=3, G=4, F=5, A=6, C=7, I=8, D=9"
783,Expert,+,BCCGA,HHIHB,,EEBBEG,7,"E=1, I=2, H=3, C=5, G=7, B=8, A=9"
784,Expert,+,LLNBR,DTLTH,,BLHDJJ,8,"B=1, H=2, N=4, L=5, R=6, T=7, J=8, D=9"
785,Expert,+,EHAGJ,CEDAH,,GGADDC,7,"D=0, G=1, H=2, J=3, C=5, E=6, A=9"
786,Expert,+,UYDDV,DWXWU,,ZZUUVB,8,"W=0, Z=1, B=2, Y=4, U=5, D=6, V=7, X=9"
787,Expert,+,JJDFB,BAEAB,,DHJFGE,8,"A=0, D=1, E=2, F=3, G=4, H=5, B=6, J=9"
788,Expert,+,AAMMT,AOAOI,,LIMNIN,7,"L=1, N=4, I=5, M=6, A=7, O=8, T=9"
789,Expert,+,ECOCG,EQSOO,,OQICQM,8,"M=0, O=1, I=2, S=4, C=5, Q=7, E=8, G=9"
790,Expert,+,EWJEQ,WRWXU,,UWQJR,7,"Q=1, E=2, X=4, W=5, J=6, U=8, R=9"
791,Expert,+,CKFFC,WKKPK,,KHCWKG,7,"H=0, K=1, C=2, G=3, P=5, F=6, W=8"
792,Expert,+,PMNKR,PNRMQ,,QMQMTN,7,"Q=1, K=2, R=3, N=4, M=7, P=8, T=9"
793,Expert,+,LDHLR,DDRBT,,JRRTTJ,7,"J=1, R=2, B=3, L=5, D=6, H=7, T=9"
794,Expert,+,BBHGC,HGFKK,,HYFPBH,8,"Y=0, H=1, K=2, F=3, P=4, G=5, B=8, C=9"
795,Expert,+,QORPS,RLKRL,,TTSLOK,8,"K=0, T=1, S=2, Q=3, O=4, P=6, R=7, L=8"
796,Expert,+,CGCEE,GHJCG,,FEACIF,8,"A=0, F=1, H=3, I=4, E=5, G=6, C=8, J=9"
797,Expert,+,VEWJR,XVWEU,,WRUZMV,9,"W=1, R=2, Z=3, U=4, X=5, V=6, M=7, E=8, J=9"
798,Expert,+,MIMSA,GIKSG,,EEGSKE,7,"E=1, S=2, G=3, K=5, I=6, M=7, A=8"
799,Expert,+,YAWBW,ZXXYC,,CAWBDY,8,"C=1, X=2, A=3, D=4, W=5, Y=6, Z=7, B=8"
800,Expert,+,GSQIK,EGSOI,,CKECGQ,8,"C=1, K=2, S=3, G=4, I=5, Q=7, E=8, O=9"
801,Expert,+,KRLON,ROPQQ,,LNKLRP,7,"P=0, L=1, O=2, Q=4, N=6, R=7, K=9"
802,Expert,+,BFFGI,JJAAG,,AGBCJD,8,"A=1, I=2, F=3, C=4, G=5, J=6, D=7, B=9"
803,Expert,+,FKKGK,BCKDD,,GCPBGF,7,"P=0, G=1, C=2, B=5, F=6, K=7, D=9"
804,Expert,+,ELOEL,SSSLI,,NLEINT,7,"O=0, N=1, L=3, S=5, I=6, E=8, T=9"
805,Expert,+,KQQT,KLLMT,,QMSORS,8,"M=0, Q=1, R=2, S=4, L=5, O=6, T=7, K=9"
806,Expert,+,MMMZQ,VQUZV,,EQRZUU,7,"R=0, E=1, Q=2, Z=3, V=4, U=6, M=7"
807,Expert,+,HBFBF,FHAJB,,GGFHBE,7,"J=0, G=1, F=3, A=4, B=6, H=7, E=9"
808,Expert,+,GWBCY,WCCWY,,HWBFFP,8,"H=1, Y=2, P=4, F=5, B=6, W=7, C=8, G=9"
809,Expert,+,RMSLM,ORTNM,,TNOLLA,8,"N=0, T=1, R=3, M=4, S=5, L=6, O=7, A=8"
810,Expert,+,IDFDA,CEJHJ,,JGFIEE,9,"J=1, H=2, D=3, A=4, E=5, G=6, C=7, F=8, I=9"
811,Expert,+,NMLOO,NMPOP,,LSKTRK,9,"K=0, L=1, P=2, S=3, T=4, M=5, N=6, R=7, O=8"
812,Expert,+,OGAOO,SMAQE,,IEOAG,8,"E=1, O=2, G=3, Q=4, S=5, A=6, M=7, I=8"
813,Expert,+,ABYAB,CUVXW,,WUCDYU,9,"D=0, W=1, B=2, U=3, V=4, Y=5, C=6, A=7, X=8"
814,Expert,+,DUYCV,UYZBU,,ZVXVXB,8,"B=0, Z=1, Y=2, V=3, D=6, U=7, C=8, X=9"
815,Expert,+,ROMRR,RKOLK,,OSNLMO,7,"L=0, O=1, K=3, N=5, S=6, R=8, M=9"
816,Expert,+,STTIS,MTISR,,SLMRMN,7,"L=0, S=1, R=2, N=3, T=4, I=8, M=9"
817,Expert,+,AABAD,ACJGG,,CBDCFB,7,"C=1, F=3, B=4, G=5, J=6, A=7, D=9"
818,Expert,+,AOEMM,AGGOM,,MASIQO,8,"S=0, M=1, O=2, Q=3, I=5, G=7, E=8, A=9"
819,Expert,+,OOOOE,EAROA,,AMTSRR,7,"M=0, A=1, S=2, E=3, R=4, O=7, T=9"
820,Expert,+,DBGFB,KKYGC,,YKCCBD,7,"Y=1, G=2, C=3, F=4, B=6, K=7, D=9"
821,Expert,-,JWQWUJ,ZVMWQ,,VUJVU,7,"W=0, J=1, Z=3, Q=4, V=6, U=7, M=9"
822,Expert,-,MGSQCE,OEAKK,,EQEKS,9,"G=0, M=1, S=2, O=3, K=4, Q=5, E=6, C=8, A=9"
823,Expert,-,QXUEMJ,VMQME,,UMVEE,7,"X=0, Q=1, U=2, M=6, V=7, J=8, E=9"
824,Expert,-,WXZMZ,ZRQUR,,MQRUX,7,"R=1, M=2, Q=3, X=4, Z=5, U=6, W=7"
825,Expert,-,ILTETO,TRMAI,,MLTOA,8,"I=1, L=2, E=3, R=4, M=5, T=7, A=8, O=9"
826,Expert,-,DTDLJB,LFBNB,,NJLTH,8,"H=0, D=1, J=3, T=5, L=6, F=7, N=8, B=9"
827,Expert,-,SGMOMS,EKQGK,,KSGSA,8,"S=1, G=2, K=3, M=4, Q=5, O=7, A=8, E=9"
828,Expert,-,RUQREW,EJVVV,,RJQRE,7,"U=0, R=1, W=4, Q=5, V=6, J=7, E=8"
829,Expert,-,LNTHHF,FLRTR,,RPNPL,7,"L=1, N=3, P=4, T=5, R=6, F=7, H=9"
830,Expert,-,ACSGA,SOMMI,,IOIMI,7,"S=1, I=2, A=4, C=5, G=6, O=7, M=8"
831,Expert,-,LPROSP,SNLSO,,OPNKN,7,"R=0, L=1, P=4, S=5, N=6, O=8, K=9"
832,Expert,-,JNHTLT,DTRFL,,LLJRD,8,"H=0, J=1, F=2, R=3, T=4, N=5, L=6, D=8"
833,Expert,-,ACYXWW,DWACY,,CCYZY,7,"A=1, Z=2, Y=4, X=5, C=6, W=8, D=9"
834,Expert,-,EEOOEK,IGSOO,,SEQES,7,"E=1, Q=3, K=4, S=5, I=6, G=8, O=9"
835,Expert,-,KKGIKK,EAAOA,,GOAMM,7,"K=1, O=2, A=3, G=5, E=6, I=7, M=8"
836,Expert,-,HWKGBG,DBFYP,,HHPKY,9,"W=0, H=1, B=2, K=4, G=5, F=6, Y=7, P=8, D=9"
837,Expert,-,YCCHHH,DGPDB,,HPWWY,8,"C=0, Y=1, B=2, H=3, G=4, P=5, D=6, W=7"
838,Expert,-,IROROR,ONSRL,,MOMRO,7,"I=1, R=3, M=5, L=6, O=7, S=8, N=9"
839,Expert,-,IOMIEA,MMOGK,,ECSIC,9,"I=1, A=2, K=3, O=4, M=5, G=6, S=7, E=8, C=9"
840,Expert,-,CIIKOG,OGGQA,,GEGOA,8,"I=0, C=1, G=2, K=5, A=6, O=7, E=8, Q=9"
841,Expert,-,LDNBLF,TDFDN,,THNBD,7,"L=1, N=2, D=3, F=5, T=6, B=8, H=9"
842,Expert,-,LBPNJL,DTBTB,,JDPTH,8,"L=1, B=2, J=3, P=4, T=6, N=7, D=8, H=9"
843,Expert,-,CBWCVY,CYWCB,,DZVZY,7,"B=0, C=1, Z=2, V=3, Y=5, W=8, D=9"
844,Expert,-,HBTHLJ,LPLBT,,NLDJD,8,"P=0, H=1, J=2, D=3, B=5, N=7, L=8, T=9"
845,Expert,-,KCSAIQ,MGKAO,,IIQOI,9,"K=1, Q=2, A=3, O=4, C=5, M=6, S=7, I=8, G=9"
846,Expert,-,NLJHFB,JPPPN,,DTPPP,9,"L=0, N=1, F=2, H=3, D=4, J=5, P=6, B=7, T=8"
847,Expert,-,FCJHIA,BIDDH,,FIJAD,8,"C=0, F=1, I=3, A=4, H=6, J=7, D=8, B=9"
848,Expert,-,NEIARN,ARAAA,,MNEAT,7,"E=0, N=1, A=2, R=5, I=6, M=8, T=9"
849,Expert,-,PPMKLK,QLKKS,,MSNKM,7,"L=0, P=1, S=2, M=3, K=5, Q=8, N=9"
850,Expert,-,UCBABV,YDBDY,,VZAY,8,"C=0, U=1, Z=2, B=4, D=6, A=7, V=8, Y=9"
851,Expert,-,NPLPBN,BPLLF,,RHHDH,8,"P=0, N=1, B=2, H=4, L=5, D=6, F=7, R=8"
852,Expert,-,CIIGI,DJFB,,BGBHF,8,"I=0, B=2, C=3, D=4, G=5, H=6, J=7, F=8"
853,Expert,-,RQPRNP,POSQO,,OKQMM,8,"N=0, R=1, Q=3, P=4, K=5, M=6, S=7, O=8"
854,Expert,-,KRPQKP,TPLQL,,MSMOQ,9,"K=1, P=2, R=3, Q=4, M=5, O=6, T=7, L=8, S=9"
855,Expert,-,BEFGDF,CGHBG,,CGDIC,8,"E=0, B=1, G=4, C=5, H=6, I=7, D=8, F=9"
856,Expert,-,FKHBGK,CCWYP,,PYWBP,9,"K=0, F=1, H=2, W=3, C=4, P=5, G=6, B=7, Y=8"
857,Expert,-,JMJRVU,QUJMU,,WUWQR,7,"R=0, J=1, V=3, U=5, M=6, Q=7, W=8"
858,Expert,-,AFIFFE,DHJII,,FHJCJ,8,"C=0, A=1, E=3, I=5, F=6, H=7, J=8, D=9"
859,Expert,-,NDLJJL,JBBPH,,BJTPN,8,"T=0, N=1, H=4, L=5, D=6, B=7, J=8, P=9"
860,Expert,-,QQACC,CAQSM,,AOOKS,7,"A=2, O=4, C=5, S=6, Q=7, K=8, M=9"
861,Expert,-,DGIBGF,EBHJJ,,IHGIH,8,"B=0, D=1, F=2, G=4, H=5, I=6, J=7, E=8"
862,Expert,-,RQNRKP,QLLNQ,,KTPPR,7,"R=1, Q=2, P=3, N=6, T=7, L=8, K=9"
863,Expert,-,VQQJQV,EEXUX,,XUXZE,7,"V=1, Q=2, X=4, U=5, Z=6, E=7, J=9"
864,Expert,-,NMONEL,LLALL,,LETAS,8,"S=0, N=1, A=2, M=3, O=5, L=6, E=8, T=9"
865,Expert,-,RWQMUV,MRVJX,,URQWV,8,"X=0, R=1, Q=2, J=3, V=5, W=6, M=7, U=9"
866,Expert,-,TOMANS,NORAN,,MAMMO,7,"A=0, T=1, R=2, S=6, O=7, M=8, N=9"
867,Expert,-,JLLDHL,JHHTF,,TRTTD,7,"L=0, J=1, R=2, F=4, D=6, H=7, T=8"
868,Expert,-,OTNTR,ENOIT,,TLIIL,7,"R=0, T=3, E=4, N=5, I=6, L=7, O=8"
869,Expert,-,MUREER,QMJMQ,,EMMWQ,7,"M=1, R=2, U=5, Q=6, W=7, J=8, E=9"
870,Expert,-,HCIBHD,DBCJE,,IBHDE,7,"C=0, H=1, B=2, E=3, I=4, J=5, D=6"
871,Expert,-,GDAAJI,FFJEC,,FCFID,8,"G=1, I=2, E=3, A=4, C=5, J=6, D=7, F=8"
872,Expert,-,CEIOCG,QOEQM,,QCMCI,7,"C=1, G=3, O=5, M=6, I=7, E=8, Q=9"
873,Expert,-,IOQECI,QCIAQ,,MOAAA,7,"I=1, O=2, C=3, Q=5, A=6, M=7, E=8"
874,Expert,-,TKKPMT,PNSLL,,TLOLO,8,"K=0, T=1, S=2, M=3, N=4, O=5, L=6, P=8"
875,Expert,-,RHLRBT,FRHTF,,BTBFP,7,"R=1, T=2, H=3, L=4, F=5, P=7, B=8"
876,Expert,-,WDXXXZ,AYUDB,,XBDAU,8,"W=1, D=2, Z=3, A=4, U=5, X=7, B=8, Y=9"
877,Expert,-,LDNNJL,BLFFJ,,LDTNH,8,"D=0, L=1, N=2, H=3, F=5, T=7, J=8, B=9"
878,Expert,-,CIIOQE,ASGCQ,,AOGES,8,"E=0, C=1, Q=2, I=3, O=4, A=6, G=7, S=8"
879,Expert,-,QRMRWR,WWRZQ,,WUZXU,7,"Q=1, M=2, U=4, R=5, W=7, X=8, Z=9"
880,Expert,-,IFHECE,BDHAH,,BJDH,9,"F=0, I=1, C=2, J=3, H=4, D=5, A=7, E=8, B=9"
881,Expert,x,GPCY,W,,DPGYC,6,"D=1, G=2, C=4, P=5, W=6, Y=9"
882,Expert,x,OAGO,O,,MQIIG,6,"Q=0, M=1, O=3, A=5, I=7, G=9"
883,Expert,x,DDFC,H,,EFEGE,6,"F=1, C=2, E=6, D=7, H=8, G=9"
884,Expert,x,OMIM,M,,AILMR,6,"A=1, M=2, R=4, L=5, I=6, O=8"
885,Expert,x,MQSO,R,,TSTOM,6,"T=1, R=2, O=4, Q=5, S=7, M=8"
886,Expert,x,ERSA,A,,EEOAT,6,"E=2, O=3, T=4, R=7, A=8, S=9"
887,Expert,x,DAJB,J,,BBGI,6,"G=1, D=2, J=3, I=4, B=8, A=9"
888,Expert,x,EQJW,M,,JUWUV,7,"V=0, J=2, U=3, E=4, M=5, W=6, Q=7"
889,Expert,x,YPYY,C,,DBHPC,6,"B=0, H=1, P=2, D=5, Y=6, C=8"
890,Expert,x,WVMV,E,,VUEQW,6,"V=2, W=4, M=5, Q=6, E=7, U=9"
891,Expert,x,RBPN,N,,JBFBH,7,"J=1, P=2, N=3, R=5, B=6, F=8, H=9"
892,Expert,x,KYYW,H,,PFHHF,6,"P=2, H=3, Y=4, W=6, F=8, K=9"
893,Expert,x,PTTJ,R,,TJBFP,6,"F=1, J=2, B=4, T=5, P=6, R=8"
894,Expert,x,FFNB,L,,NBHPF,6,"N=2, L=3, H=4, B=6, P=7, F=8"
895,Expert,x,TMNL,P,,LLOTM,6,"O=0, N=3, M=6, L=7, P=8, T=9"
896,Expert,x,JDFB,F,,NRBRN,6,"N=2, B=3, F=4, J=6, R=7, D=8"
897,Expert,x,CWHY,K,,YCDWH,6,"Y=2, K=3, D=5, H=6, W=8, C=9"
898,Expert,x,EALL,A,,OLMTT,6,"O=1, L=2, A=3, E=4, T=6, M=9"
899,Expert,x,MIAI,M,,OKMSO,6,"S=1, A=2, O=6, I=7, M=8, K=9"
900,Expert,x,JEEQ,R,,JUZJQ,6,"Z=0, J=1, U=2, E=3, Q=5, R=9"
901,Expert,x,CJFG,E,,FGEIF,6,"J=1, F=2, E=3, G=4, I=7, C=8"
902,Expert,x,KGFH,C,,GHCWG,6,"F=1, G=2, K=3, W=6, H=8, C=9"
903,Expert,x,SLNA,T,,SEEAA,6,"E=0, S=2, A=5, N=6, T=7, L=8"
904,Expert,x,TNDT,B,,JDJTR,6,"R=2, N=3, D=4, J=7, B=8, T=9"
905,Expert,x,EMUX,U,,RVVVE,6,"M=0, V=1, R=2, U=3, E=7, X=9"
906,Expert,x,MUMX,M,,UQRVR,6,"V=0, R=2, U=3, M=6, X=7, Q=8"
907,Expert,x,AIOO,A,,IMMSE,6,"E=0, I=1, S=2, A=4, O=5, M=6"
908,Expert,x,BZUV,U,,WDWWB,6,"Z=0, W=1, D=2, U=3, B=4, V=8"
909,Expert,x,EMOS,O,,AGESG,6,"S=2, M=3, A=4, E=5, G=8, O=9"
910,Expert,x,DABU,V,,UUUWB,6,"B=2, A=5, U=6, V=7, W=8, D=9"
911,Expert,x,MMKM,O,,AKGQE,7,"Q=0, A=2, M=3, E=4, K=6, O=8, G=9"
912,Expert,x,AQKE,K,,QMQGM,6,"Q=2, A=3, M=6, E=7, K=8, G=9"
913,Expert,x,VZQU,M,,EUVQZ,6,"Q=1, Z=2, E=3, V=5, U=6, M=7"
914,Expert,x,BBBP,Y,,KWDYH,7,"D=1, W=2, P=3, H=4, K=6, B=7, Y=8"
915,Expert,x,TROO,N,,KPNOM,7,"P=1, M=2, K=4, T=5, O=6, N=7, R=9"
916,Expert,x,TSLT,A,,SLNLE,6,"S=1, T=2, N=3, E=6, L=7, A=8"
917,Expert,x,JEUZ,J,,UUZVR,6,"R=2, E=3, V=5, U=6, J=8, Z=9"
918,Expert,x,TPRO,S,,OPKST,6,"R=2, O=3, T=4, P=6, S=8, K=9"
919,Expert,x,SNPT,P,,MMPRP,6,"T=1, R=4, M=5, S=6, P=8, N=9"
920,Expert,x,OIOA,R,,NNOER,6,"A=1, N=2, O=3, R=6, I=7, E=8"
921,Expert,+,FORTY,TEN,TEN,SIXTY,10,"F=2, O=9, R=7, T=8, Y=6, E=5, N=0, S=3, I=1, X=4"
922,Expert,+,DONALD,GERALD,,ROBERT,10,"D=5, O=2, N=6, A=4, L=8, G=1, E=9, R=7, B=3, T=0"
923,Expert,+,ZXAXD,XUUYA,,YWYWBC,9,"Y=1, D=2, W=3, X=4, B=5, U=6, A=7, Z=8, C=9"
924,Expert,+,BAYXC,ZXUCU,,ZVCXAX,8,"V=0, Z=1, A=3, X=4, U=6, Y=7, C=8, B=9"
925,Expert,+,RDLBT,JJJDT,,NLNTTH,8,"L=0, N=1, J=2, T=3, B=4, H=6, R=7, D=9"
926,Expert,+,FBNHP,DBNPR,,JRJBBD,8,"J=1, R=2, F=3, B=5, P=6, N=7, D=8, H=9"
927,Expert,+,GEIAC,GDAED,,FECGHA,8,"F=1, I=2, H=3, A=5, C=6, E=7, G=8, D=9"
928,Expert,+,JAIBA,AJBFG,,FDHHCD,9,"F=1, B=2, I=3, C=4, H=5, D=6, A=7, J=8, G=9"
929,Expert,+,GDDEB,DCDAA,,HJEJBE,8,"H=1, C=2, J=3, B=4, A=5, D=6, G=7, E=9"
930,Expert,+,UXVWZ,YYXDV,,CVADXB,10,"D=0, C=1, A=2, W=3, X=4, B=5, V=6, Y=7, U=8, Z=9"
931,Expert,+,JMMZR,EMZUM,,JXQXQQ,8,"X=0, J=1, M=2, R=3, Q=5, Z=7, U=8, E=9"
932,Expert,+,MQJJM,UUUJQ,,MWZWXV,8,"W=0, M=1, J=2, X=4, Z=5, Q=6, V=7, U=8"
933,Expert,+,GEIHJ,GHJIE,,FIBCAA,9,"B=0, F=1, J=3, H=4, I=5, E=6, G=7, C=8, A=9"
934,Expert,+,JHABH,GHCIJ,,CBGDJG,8,"D=0, C=1, I=3, B=4, G=5, H=7, J=8, A=9"
935,Expert,+,SEISE,LAEOM,,MOIRIA,8,"M=1, E=2, A=3, I=5, O=6, L=7, R=8, S=9"
936,Expert,+,KFFYY,DBWDH,,WYCHCK,8,"W=1, B=2, Y=3, D=4, F=5, H=6, C=7, K=9"
937,Expert,+,GCKFD,GKHFD,,FFGGBP,8,"F=1, B=3, P=4, G=5, K=6, D=7, C=8, H=9"
938,Expert,+,KRLRK,NKSTM,,OLTSQS,9,"L=0, O=1, T=2, M=3, N=4, K=5, R=7, S=8, Q=9"
939,Expert,+,QGSGI,MCOQS,,OAMKEO,10,"A=0, O=1, E=2, M=3, I=4, G=5, Q=6, S=7, C=8, K=9"
940,Expert,+,TFPRF,JLTNR,,RFHFTJ,8,"H=0, R=1, F=3, J=4, P=5, L=6, N=7, T=8"
941,Expert,+,UXQXX,XZUQE,,JVWRWU,9,"V=0, J=1, X=2, R=3, Z=4, Q=5, E=6, W=7, U=8"
942,Expert,+,FDPFK,WHFGC,,GGCBHP,9,"G=1, D=2, P=3, K=4, F=5, W=6, H=7, B=8, C=9"
943,Expert,+,LLFFB,PRTFH,,HNHRBH,8,"B=0, H=1, R=2, N=3, P=4, F=5, T=6, L=8"
944,Expert,+,YDXZA,UDDVC,,ZCUBZW,10,"V=0, Z=1, B=2, C=3, X=4, Y=5, A=6, U=7, D=8, W=9"
945,Expert,+,MKCME,OEAQK,,SEAIMM,9,"Q=0, S=1, E=2, K=3, I=4, M=5, A=6, O=7, C=8"
946,Expert,+,OROST,EIRRA,,OMALOS,9,"M=0, O=1, T=2, A=4, R=5, S=6, L=7, E=8, I=9"
947,Expert,+,VZQUJ,QXJZJ,,QEJMWZ,9,"E=0, Q=1, Z=2, X=4, U=5, J=6, M=7, W=8, V=9"
948,Expert,+,BHNLB,DLHPD,,NJFDPP,8,"N=1, P=2, J=3, B=4, F=5, H=6, D=8, L=9"
949,Expert,+,FEBHE,AIAEJ,,DJDHGC,10,"B=0, D=1, J=2, F=3, G=4, E=5, I=6, C=7, A=8, H=9"
950,Expert,+,ROTNP,SLOLR,,SKNOMQ,10,"K=0, S=1, M=2, Q=3, N=4, P=5, O=6, L=7, R=8, T=9"
951,Expert,+,IIBIG,HCBDJ,,HAJBHI,8,"A=0, H=1, G=2, D=3, J=6, C=7, I=8, B=9"
952,Expert,+,RRSRO,TNEIT,,INENLM,9,"M=0, I=1, O=2, N=3, S=4, R=5, L=7, T=8, E=9"
953,Expert,+,GHHYP,GBHKH,,WFKCHH,9,"P=0, W=1, H=2, Y=3, C=5, F=6, B=7, G=8, K=9"
954,Expert,+,JXRRM,ZWXVR,,QVMZQZ,8,"W=0, Q=1, V=2, Z=3, X=4, M=5, R=8, J=9"
955,Expert,+,HCHBF,BGICB,,IFADBI,8,"I=1, A=2, G=3, F=4, H=6, B=7, D=8, C=9"
956,Expert,+,VZYDY,ZXWZU,,VCWZVW,8,"C=0, V=1, D=2, W=3, Y=4, X=5, Z=8, U=9"
957,Expert,+,ZRUEW,RMVZU,,WEUZQW,8,"U=0, W=1, Q=3, M=4, E=5, R=6, V=7, Z=8"
958,Expert,+,SETAO,NNANT,,RASMRR,8,"R=1, T=2, A=3, S=5, M=6, N=7, E=8, O=9"
959,Expert,+,EOOAE,MEOST,,OSRTMI,8,"O=1, T=2, A=4, S=5, E=6, R=7, I=8, M=9"
960,Expert,+,NRNRM,MAIEA,,SMEMOE,8,"S=1, E=2, R=3, M=4, I=5, O=6, A=8, N=9"
961,Expert,-,XWYVCY,UYXBU,,DCZXU,9,"C=0, X=1, Z=3, Y=4, V=5, W=6, U=7, B=8, D=9"
962,Expert,-,ZUYVXA,XUUZU,,WBWYV,8,"Z=1, U=2, W=3, V=5, B=6, A=7, Y=8, X=9"
963,Expert,-,DTJLHF,HLFJJ,,RTFJB,8,"D=1, F=2, T=3, B=4, L=5, R=6, H=7, J=8"
964,Expert,-,FLHFJD,LTNDF,,JTTLP,8,"F=1, P=2, D=3, N=4, H=5, L=6, T=7, J=9"
965,Expert,-,BPLTP,DTNFD,,NRPBN,8,"D=1, F=2, N=4, P=5, B=6, R=7, T=8, L=9"
966,Expert,-,XDVCUU,AWYUB,,YVVZA,10,"Z=0, X=1, B=2, D=3, A=4, C=5, U=6, V=7, Y=8, W=9"
967,Expert,-,REJZVX,UWUEZ,,WXQEW,9,"X=0, R=1, E=2, W=3, J=4, V=5, Z=7, Q=8, U=9"
968,Expert,-,CBFBFG,PYKDY,,DPFWB,9,"F=0, C=1, W=2, Y=3, K=5, B=6, P=7, D=8, G=9"
969,Expert,-,HCCDHF,WKFCY,,CBBBH,8,"D=0, H=1, Y=2, F=3, C=5, B=6, K=8, W=9"
970,Expert,-,AADZCB,BCVWV,,VABWU,8,"A=1, Z=2, V=3, C=4, U=5, D=6, W=7, B=8"
971,Expert,-,MMXWUJ,WUXVU,,WQEVM,8,"X=0, M=1, U=2, J=3, E=4, W=5, V=6, Q=8"
972,Expert,-,NNOMTR,RSSPT,,QTKQK,9,"P=0, N=1, O=2, R=3, S=4, K=5, Q=7, T=8, M=9"
973,Expert,-,DGBGGY,PFKHF,,BPPGH,8,"G=0, D=1, P=2, Y=4, F=5, K=7, B=8, H=9"
974,Expert,-,CWUYCA,ACUBY,,XZUZC,8,"C=1, Z=2, U=3, W=4, X=6, Y=7, A=8, B=9"
975,Expert,-,QOSKQO,PRNSK,,QPQSM,8,"O=0, Q=1, N=2, K=4, S=5, M=6, R=7, P=8"
976,Expert,-,WDHFPG,CDDKF,,PGWWF,8,"W=1, D=2, F=3, K=4, P=5, G=6, C=7, H=8"
977,Expert,-,JAJEED,CIBFC,,GDGGB,9,"J=1, A=2, G=3, D=4, F=5, B=6, I=7, C=8, E=9"
978,Expert,-,HJDHRT,NRLBB,,LFNDN,9,"J=0, H=1, N=2, R=3, B=4, F=5, T=6, L=8, D=9"
979,Expert,-,VWJVRJ,QXUMR,,MXRJX,8,"V=1, X=2, R=3, W=4, J=5, Q=6, U=7, M=8"
980,Expert,-,KWKFDP,HCHFC,,GWWGH,8,"K=1, P=2, D=3, C=4, F=5, W=6, G=7, H=8"
981,Expert,-,KWYPFC,CDKBW,,HKYBF,9,"P=0, K=1, W=2, B=3, H=4, F=6, D=7, C=8, Y=9"
982,Expert,-,IAEBCJ,DFCFI,,IJDHI,9,"A=0, I=1, J=2, F=3, H=5, E=6, B=7, C=8, D=9"
983,Expert,-,WVDDZY,AXBBD,,UDUDC,10,"V=0, W=1, Y=2, A=3, Z=4, D=5, U=6, C=7, B=8, X=9"
984,Expert,-,OENINN,MELRM,,EITLL,8,"O=1, T=2, N=3, L=4, E=6, I=7, R=8, M=9"
985,Expert,-,OTMNOA,SRRIM,,NRMAO,8,"T=0, O=1, R=2, S=3, M=4, A=5, I=6, N=7"
986,Expert,-,ZCYAZZ,DBVCW,,WDVVC,8,"B=0, Z=1, C=2, D=3, Y=4, A=7, V=8, W=9"
987,Expert,-,DGBHAE,HGFGJ,,GJAHJ,8,"B=0, D=1, F=3, J=4, A=5, G=6, E=8, H=9"
988,Expert,-,NSNLSN,RSRTP,,MMPLQ,8,"N=1, P=2, S=3, R=4, T=5, L=7, M=8, Q=9"
989,Expert,-,LLNNRH,JDHRR,,BLFBD,8,"L=1, J=2, H=3, F=4, R=6, D=7, N=8, B=9"
990,Expert,-,EAJHEI,GGDGB,,GHDHH,8,"E=1, J=2, A=3, B=4, H=5, G=6, D=7, I=9"
991,Expert,-,HRNLBB,DLLRJ,,DJNRF,8,"N=0, H=1, L=2, R=3, D=6, B=7, J=8, F=9"
992,Expert,-,MOTAIR,RATRS,,IOAEA,8,"T=0, M=1, E=2, O=4, R=5, A=6, I=8, S=9"
993,Expert,-,RNSKLK,MQPKN,,LRSKQ,8,"P=0, R=1, N=2, L=4, Q=5, S=6, K=7, M=8"
994,Expert,-,MEVQXR,VUXME,,RJRUU,8,"M=1, E=2, Q=3, V=4, U=5, X=6, R=7, J=8"
995,Expert,-,VEZEUU,QRUQV,,XVZQJ,8,"E=0, V=1, R=2, Q=3, Z=4, J=5, U=6, X=7"
996,Expert,-,RKKNNQ,QMQS,,SOOTS,8,"K=0, R=1, O=2, M=3, N=6, T=7, Q=8, S=9"
997,Expert,-,DBHDDF,HEGAB,,GAFGJ,8,"E=0, D=1, B=2, G=3, J=5, F=7, A=8, H=9"
998,Expert,-,URQXMX,EVZQU,,MVQM,8,"R=0, U=1, Q=2, M=4, X=5, V=7, Z=8, E=9"
999,Expert,-,KPPRMT,SLQPS,,QSPRP,8,"K=1, P=2, Q=4, L=5, R=6, S=7, M=8, T=9"
1000,Expert,-,QJQWXQ,WVUZQ,,WMQVX,8,"X=0, Q=1, V=2, J=3, U=4, W=6, Z=8, M=9"
